route_id,stop_list
8140,"['F04181', 'F04526']"
3480,"['007884', 'F01012', 'F01005', 'F00921', '008590', 'F02148', '008593', 'F01997', 'F02238', 'F02004', 'F02010', 'F02240', 'F02013', 'F02016', 'F02020', 'F02025', 'F02031', '008864']"
5100,"['F02887', 'F02696', 'F01102', 'F01100', 'F01095', 'F01092', 'F01085', 'F01079', 'F00996', 'F00962', 'F00964']"
9680,"['F03289', 'F03450', 'F03452', 'F03454', 'F03544', 'F03546', '011773', '011715', '116272', 'F01719', 'F01848', 'F01846', 'F01715', 'F01605', 'F01603', 'F01813', 'F01600', 'F01811', 'F01595', 'F01591', 'F01588', 'F01842', 'F01700', 'F01697', '008863', 'F01694', 'F01583', '043176', 'F03948']"
9660,"['009358', '009338', '008962', '008961', 'F04569', 'F04533', '008954', '008956', '008958', 'F04077', 'F04162', 'F04157', 'F04058', 'F04056', 'F04054', 'F04119', 'F04122', 'F04129', 'F04134', 'F04137', 'F04140', 'F04174', 'F01450', 'F01451', 'F01455', 'F04015']"
1200,"['F00800', 'F00854', 'F00832', 'F00892', 'F00890', 'F00863', 'F00691', 'F02547', 'F02654', 'F02533', 'F02538', 'F02561', 'F02664', 'F02665', 'F02575', '009420', 'F02604']"
2190,"['056161', '008405', '008407', '056162', '056165', '056168', '056173', '056175', '100837', '064377']"
3470,"['F04405', 'F04397', 'F04382', 'F01905', 'F02029', 'F02024', 'F02019', 'F02017', 'F02014', 'F02241', 'F02009', 'F02003', 'F02239', 'F01999', 'F02194', 'F02149', '008591', 'F00922', 'F01006', 'F01013', '007884']"
F4772,"['F01164', 'F01162', '009161', 'F01251', 'F01183', 'F01316', 'F02737', 'F02735', 'F02741', 'F02918', 'F02956', 'F02916', 'F02799', 'F02800', 'F02803', 'F02811', 'F02942', 'F02809', 'F02806', 'F02805', 'F02792', 'F02940', 'F02793', 'F02808']"
F4802,"['F02764', 'F02768', 'F02770', 'F02771', '040608', 'F02775', 'F02778', 'F02934', 'F02782', 'F02784', 'F02789', 'F02937', 'F02750', 'F02930', 'F02746', 'F02928', 'F01737', 'F01735', '008545', 'F01182', 'F01250', '061349', 'F01161', 'F01166']"
F3561,"['F02194', 'F02149', '008591', '072934', 'F00105', 'F00081', 'F00086', 'F00089', 'F00027', 'F02460', 'F00425', 'F00156', 'F00411', 'F00161', 'F00165', 'F00432', 'F00312', 'F00314', 'F00316', 'F00318', 'F00347', 'F00345', '007975']"
9340,"['F01028', 'F00929', 'F00237', 'F00247', 'F00245', 'F00137', 'F00603', 'F00604', 'F00606', 'F00611', 'F00581', 'F00576', 'F00508', 'F00506', 'F00666', 'F00485', 'F00486', 'F00502', '007879', 'F00663', 'F00660', 'F00676', 'F00658', 'F00656', 'F00654', 'F00653', 'F00467', 'F00473', 'F00461']"
0078,"['008569', 'F03291', 'F03403', 'F03402', 'F03400', 'F03316', 'F03320', 'F03323', 'F03397', 'F03407', 'F03339', 'F03233', 'F03230', 'F03353', 'F03228', 'F03343', 'F03225', 'F03221', '043341', 'F03350', 'F03219', 'F02984', 'F02985', 'F03148', 'F03201', 'F03209', 'F03154', 'F03157', 'F03165']"
2502,"['061222', '061227', '061271', 'F01917', '061272', 'F01901', 'F01898', 'F01897', 'F04371', '008098', '008127', '008125', '008116', '008793', 'F04422', 'F04419', 'F04417', 'F04414', 'F04413', 'F04410', 'F04407', 'F04406', 'F04398', '007930']"
2500,"['061222', '061227', '061271', 'F01917', '061272', 'F01901', 'F01898', 'F01897', 'F04371', '008098', '008127', '008125', '008116', '008793', 'F04422', 'F04419', 'F04417', 'F04414', 'F04413', 'F04410', 'F04407', 'F04406', 'F04398', 'F04384', '008865']"
3590,"['F00408', 'F00157', 'F00426', 'F02461', 'F00024', 'F02408', 'F02414', 'F02306', 'F02300', 'F02298', 'F02296', '008050', 'F02100', 'F02099', 'F02082']"
3591,"['F02082', 'F02097', 'F02101', '008051', 'F02297', 'F02299', 'F02301', 'F02307', 'F02421', 'F02407', 'F00025', 'F02460']"
9980,"['011722', 'F03610', 'F03457', 'F03458', 'F03447', 'F03469', 'F03573', 'F03576', 'F03578', 'F03580', '009705', 'F03463', 'F03464', 'F03466', 'F03471', 'F03451', 'F03449', '008181']"
2750,"['139873', '139872', '009172', '139874', '139875', '139876', '139877', '139878', 'F03460', 'F03461', 'F03448', 'F03441']"
3230,"['008455', 'F00969', 'F00971', 'F00973', 'F00976', 'F00967', 'F01000', 'F00919', 'F01346', 'F01519', 'F01388', 'F01391', 'F01512', 'F01246', 'F01237', 'F01229', 'F01220', 'F01215', 'F01310', 'F01311']"
3020,"['F01401', 'F01397', '009041', 'F01518', 'F01343', 'F00918', 'F00999', 'F00966', 'F00975', 'F00974', 'F00972', 'F00968', '008455']"
2025,"['088969', '040612', '008156', 'F01847', 'F01722', '116271', 'F03549', '009543', 'F03547', 'F03545', 'F03542', 'F03593', '011723']"
0602,"['F02465', 'F00427', 'F00155', 'F02342', 'F02340', '067511', 'F02395', 'F02393', 'F02391', 'F02389', 'F02387', 'F02440', 'F02442', '093186', '048278', '096996', '096999']"
3240,"['F01401', 'F01397', 'F01388', 'F01391', 'F01512', 'F01246', 'F01237', 'F01229', 'F01220', 'F01215', 'F01310', 'F01311']"
4790,"['F01137', '091338', 'F01051', 'F01059', 'F02620', 'F02639', 'F02608', 'F02509', 'F02507', 'F02570', '109728']"
2360,"['F03762', 'F03765', 'F03761', 'F03760', 'F03759', 'F03757', 'F03754', 'F03835', 'F03770', 'F03709', '008832', '050184', 'F03705', 'F03711', 'F03716', 'F03825', 'F03691', 'F03804', 'F03887', 'F03855', 'F03788', 'F03785', '050181', 'F03784', 'F03789', 'F03790', 'F03867', 'F03794', 'F03797', '050177', '050175', '050187', '050185']"
9480,"['008471', 'F03631', 'F03888', 'F03908', 'F04034', 'F03989', 'F03981', 'F04024', 'F03974', 'F04042', 'F04098', 'F04104', 'F04115', 'F04041', 'F04155', 'F04121', 'F04144', 'F04148', 'F04307', 'F04316', 'F04314', '008067']"
2175,"['F01296', 'F01300', 'F01218', 'F01270', 'F01734', 'F01640', 'F01796', 'F01581', 'F01807', 'F01586', 'F01548', 'F01546', 'F01723', 'F01545', 'F03880', 'F03881', 'F03697', 'F03830', 'F03700', 'F03705', 'F03711']"
4770,"['F01316', 'F02737', 'F02735', 'F02741', 'F02918', 'F02956', 'F02916', 'F02799', 'F02800', 'F02803', 'F02811', 'F02942', 'F02809', 'F02806']"
1461,"['F03286', 'F03450', 'F03472', '009706', 'F03446', 'F03459', 'F03605']"
3490,"['007884', 'F01012', 'F01005', 'F00921', '008590', 'F02148', 'F02202', 'F02181', 'F02047', 'F02042', 'F02038', '007967']"
3520,"['F01461', 'F01458', 'F01452', 'F01447', 'F01444', 'F01443', 'F04152', 'F04131', 'F04130', 'F04111', 'F04116', 'F04060', 'F04160', 'F04159', 'F04163', 'F04080', 'F04081']"
1425,"['F04017', 'F03837', '086874', '086875', '086876', 'F03620', 'F03623', 'F03786', 'F03879']"
1225,"['069664', 'F00906', 'F00723', 'F00908', 'F00720', '008842', '008283', '070128', 'F00717', 'F00709', 'F00713', 'F00767', '007902']"
1260,"['F00859', 'F00739', 'F00732', 'F00730', 'F00871', 'F00900', 'F00726', 'F00728', 'F00724', 'F00907', '008400']"
3120,"['F00823', 'F00818', 'F00797', 'F00796', 'F00788', 'F00792', 'F00880', 'F00845', 'F03019', 'F03024', 'F03028']"
3281,"['F01867', 'F01594', 'F01713', 'F01708', 'F01836', 'F01679', 'F01829', 'F01673', 'F01617', 'F01620', 'F01623', 'F01827', 'F01649', 'F01645', 'F01567', 'F01565', 'F01731', 'F01265', 'F01264', 'F01180', 'F01220', 'F01215', 'F01331', 'F01301', '009753']"
3280,"['F01298', 'F01300', 'F01330', 'F01213', 'F01219', 'F01181', 'F01263', 'F01266', 'F01732', 'F01566', 'F01568', 'F01646', 'F01650', 'F01826', 'F01624', 'F01619', 'F01618', 'F01674', 'F01830', 'F01676', 'F01835', 'F01707', 'F01712', 'F01596', 'F01866', 'F01808']"
3371,"['F01298', 'F01300', 'F01330', 'F01213', 'F01281', 'F01279', 'F01271', 'F01799', 'F01856', 'F01562', 'F01730', 'F01728', 'F01626', 'F01619']"
1571,"['007977', 'F00339', 'F00356', 'F00368', 'F00366', 'F00364', 'F00374', 'F00376', 'F00378', 'F00380', 'F00382', 'F00384', 'F00387']"
1570,"['007977', 'F00339', 'F00356', 'F00368', 'F00366', 'F00364', 'F00374', 'F00376', 'F00378', 'F00380', 'F00382', 'F00384', 'F00387', '072046', '044372']"
2361,"['F03762', 'F03765', 'F03761', 'F03760', 'F03759', 'F03757', 'F03754', 'F03835', 'F03770', 'F03709', '008832', '050184', 'F03705', 'F03711', 'F03716', 'F03825', 'F03691', 'F03804', 'F03887', 'F03855', 'F03788', 'F03785', '050181', 'F03784', 'F03789', 'F03790', 'F03867', 'F03794', 'F03797', 'F03795']"
1750,"['F03304', 'F03303', 'F03300', 'F03390', 'F03377', 'F03296', 'F03217', 'F03347', 'F03212', 'F03214', 'F03210', 'F02981', 'F02985', 'F03144']"
9090,"['F00950', 'F01014', 'F01007', 'F01174', 'F01205', 'F01208', 'F01177', 'F01224', 'F01218', '008037', 'F01270', 'F01269', '008912', '008917', 'F01559', 'F01725', 'F01570', 'F01642', 'F01651', 'F01629', 'F01628', 'F01621', 'F01675', 'F01671', 'F01838', 'F01685', 'F01701', 'F01699', 'F01841', 'F01714', 'F01695', 'F01844', '008863', 'F01694', 'F01583', '043176', 'F03948']"
9091,"['F00950', 'F01014', 'F01007', 'F01174', 'F01205', 'F01208', 'F01177', 'F01224', 'F01218', '008037', 'F01270', 'F01269', '008912', '008917', 'F01559', 'F01725', 'F01570', 'F01642', 'F01651', 'F01629', 'F01628']"
2970,"['066711', '066712', '066714', '066716', '066718', '066720', '066722']"
2690,"['019316', 'F03484', '066679', '066681', '066683', '066685', '066687', 'F03434', 'F03444']"
0680,"['F03552', 'F03551', 'F01721', 'F01848', 'F01846', 'F01715', 'F01605', 'F01603', 'F01813', 'F01600', 'F01811', 'F01595', 'F01591', 'F01588', 'F01842', 'F01700', 'F01697', '008863', 'F01694', 'F01583', 'F03940', 'F03945', 'F03956', 'F04022', 'F03977', 'F04027', 'F03982', 'F03985', 'F03986', 'F03990']"
2680,"['F03552', 'F03551', 'F01721', 'F01848', 'F01846', 'F01715', 'F01605', 'F01603', 'F01813', 'F01600', 'F01811', 'F01595', 'F01591', 'F01588', 'F01842', 'F01700', 'F01697', '008863', 'F01694', 'F01583', 'F03940', 'F03945', 'F03956', 'F04022', 'F03980', 'F04002', 'F04036', 'F04035', 'F03990']"
2511,"['F04374', '061286', 'F04370', 'F01896', 'F01899', 'F01900', '061273', 'F01916', 'F01918', '061226', '061280']"
2510,"['061222', '061227', '061271', 'F01917', '061272', 'F01901', 'F01898', 'F01897', 'F04371', 'F04373', '050279', '009548', '009470', '009468', '009466', 'F04400', 'F04398', 'F04384', '008865']"
2515,"['081950', '083777', 'F04398', '007931', '083331', '009465', '009467', '009469', '009445', 'F04374', '061286', 'F01896', 'F01900', '061280']"
1810,"['F01476', 'F01479', 'F01483', 'F01490', 'F01488', 'F01364', 'F01469', 'F01470', 'F01408']"
2810,"['008498', 'F01479', 'F01483', 'F01490', 'F01488', 'F01364', 'F01469', 'F01470', 'F01408', 'F01471', 'F01467', 'F01468', 'F01363', 'F01369', 'F01481', '008499', 'F01500', 'F01504', 'F01508', '009146', '009145', '008501', '008914', '120666', '086856', '008500', 'F01482', '008589', 'F01477', 'F01492', 'F01365', 'F01478', '008498']"
0710,"['F04328', 'F04182', 'F04296', 'F04195', 'F04196', '044637']"
1520,"['F04328', 'F04278', 'F04191', 'F04204', 'F04208']"
2235,"['F04127', 'F04123', 'F04126', 'F01440', 'F01404', 'F01386', '011765']"
9800,"['008921', 'F03626', 'F03624', '009480', 'F03633', 'F03685', 'F03683', 'F03721', 'F03706', 'F03702', 'F03829', 'F03698', 'F03695', 'F03428', 'F03601', 'F03430', 'F03432', 'F03565', 'F03563', 'F03597', 'F03591', 'F03524', 'F03590', 'F03525', 'F03518', 'F03588', 'F03517', 'F03473', '011725']"
4780,"['F01131', 'F01129', 'F01124', 'F01047', 'F01045', 'F01041', 'F01034', 'F01033', 'F01075', '009025', 'F00938', 'F00970']"
3370,"['F01298', 'F01300', 'F01330', 'F01213', 'F01281', 'F01279', 'F01271', 'F01799', 'F01856', 'F01562', 'F01730', 'F01728', 'F01626', 'F01619', 'F01618', 'F01674', 'F01830', 'F01676', 'F01835', 'F01707', 'F01712', 'F01596', 'F01866']"
4740,"['F02713', 'F02702', 'F02699', 'F02925', 'F02900', 'F02953', 'F02904', 'F02955', 'F02906', 'F02908']"
5300,"['F01543', 'F01541', 'F01878', 'F01493', 'F01282', 'F01252', 'F01232', 'F01188', 'F01289', 'F00952', 'F00954', 'F00956', 'F00936', 'F02613', 'F02680', 'F02637', 'F02682', 'F02684', 'F00897', 'F00912']"
1015,"['007996', 'F04457', '102568', 'F04459', 'F04461', 'F04463', '008971', '061236', 'F04441', 'F04439', 'F04437', 'F04394', '008943', '061280']"
F3500,"['F03930', 'F03899', 'F03931', 'F03947', 'F03953', 'F03903', 'F04030', 'F03737', 'F03739', 'F03755', 'F03833', 'F03768', 'F03708', 'F03719', 'F03823', 'F03692', 'F03803', 'F03885', 'F03853', 'F03791']"
F3425,"['F01461', 'F03926', 'F03960', 'F04022', 'F03980', 'F04003', 'F04039', 'F04031', 'F03904', 'F03954', 'F03946', 'F03932', 'F03900', 'F03930']"
4700,"['F02919', 'F02703', 'F02706', 'F02707', 'F01135', 'F01126', 'F01047', 'F01045', 'F01041', 'F01034', 'F01033', 'F01075', '009025', 'F00938', 'F00970']"
4821,"['F02758', 'F02766', 'F02773', 'F02932', 'F02787', 'F02938', 'F02790', 'F02804', 'F02811', 'F02943', 'F02813', 'F02820', '008458', '008459', '008461']"
4820,"['F02758', 'F02766', 'F02773', 'F02932', 'F02787', 'F02938', 'F02790', 'F02804', 'F02811', 'F02943', 'F02813', 'F02820', '008458', '008459', '008461', 'F02963', '016938', 'F02890']"
1340,"['F00642', 'F00646', 'F00649', 'F00464', 'F00468', '044131', 'F00476', 'F00482', 'F00478', 'F00683', 'F00498', 'F00496', 'F00494', 'F00491', 'F00667', 'F00507', 'F00509', 'F00577', 'F00583', 'F00619']"
0960,"['F03147', 'F03201', 'F03209', 'F03154', 'F03159', 'F03193', 'F03125', 'F03120', 'F03121', 'F03115', 'F03072', 'F03059', 'F03057', 'F03050', 'F03052', 'F03022', '009555', '009515', 'F00881', 'F00789', 'F00781', 'F00776', '009557', 'F00757', 'F00756', 'F00713', 'F00767', 'F00869', 'F00867', 'F00699']"
2960,"['F00642', 'F00646', 'F00649', 'F00464', 'F00468', 'F00462', 'F00636', 'F00722', 'F00856', 'F00721', 'F00909', 'F00729', 'F00727', 'F00901', 'F00872', 'F00731', '075839', 'F00733', 'F00740', 'F00742', '011316', 'F00764', 'F03021', 'F03051', 'F03054', 'F03056', 'F03058', 'F03071', 'F03114', 'F03122', 'F03119', 'F03126', 'F03194', 'F03160', 'F03153', 'F03150', 'F03202', 'F03145']"
2961,"['077870', 'F00739', 'F00732', 'F00730', 'F00871', 'F00900', 'F00726', 'F00728', 'F00908', 'F00720', '008911', 'F00899']"
2615,"['103897', 'F03456', 'F03604', 'F03458', 'F03447', 'F03466', 'F03471', 'F03451', 'F03454', 'F03544', 'F03546', 'F01846', '008022']"
9230,"['F00460', 'F00458', 'F00478', 'F00492', 'F00486']"
1790,"['009290', 'F01411', 'F04297', '102283', '115226', '091120', 'F04358', 'F04302', 'F04299', 'F04356', 'F04301', 'F04311', 'F04314', '008067', 'F04318', 'F04268', 'F04269', '044076', '041092', '041093', '041094', '041095', 'F04321', 'F04329']"
F3180,"['F00408', 'F00157', 'F00426', 'F02461', 'F00026', 'F00090', 'F00085', 'F00080', 'F00103', '072935', '008590', 'F02148', '008593', 'F01997', 'F02238', 'F02004', 'F02010', 'F02240', 'F02013', 'F02016', 'F02020', 'F02025', 'F02031', '008864']"
2200,"['F00803', 'F00787', 'F00780', 'F00773', 'F00761']"
9990,"['F03929', '044126', '044115', '044128', 'F01470', '044129', 'F01451', 'F03920', 'F03968', 'F03969', 'F03966', 'F03972', 'F04025', 'F03983', 'F03991', 'F04033', 'F03992', 'F03995', 'F03998', 'F03891', 'F03892', 'F03622', 'F03625', '008472']"
3500,"['F03930', 'F03899', 'F03931', 'F03947', 'F03953', 'F03903', 'F04030', 'F03737', 'F03739', 'F03755', 'F03833', 'F03768', 'F03708', 'F03719', 'F03823', 'F03692', 'F03803', 'F03885', 'F03853', 'F03791']"
3600,"['F02313', 'F02315', 'F02317', 'F02319', 'F02321', 'F02323', 'F02325', 'F02327', 'F02329', 'F02330']"
9501,"['F00803', 'F00854', 'F00836', 'F00886', 'F00838', 'F03048', 'F03047', 'F03040', 'F03037', 'F03035', 'F03029']"
9500,"['F00803', 'F00854', 'F00836', 'F00886', 'F00838', 'F03048', 'F03046', 'F03027', 'F03026', '007968', 'F03016', 'F03018', 'F03171', 'F03176', '009659', 'F03175']"
5400,"['056233', '056231', '056229', '056227', '056225', '056223', '056221', '056219', '056217', '056215']"
1180,"['F00620', 'F00611', 'F00580', '009554', '011320', 'F00441', 'F00513', 'F00443', 'F00517', 'F00547', 'F00514', 'F00548', 'F00516', 'F00670', 'F00681', 'F00520', 'F00549', 'F00523', 'F00678']"
1210,"['106377', 'F00813', 'F00817', 'F00879', 'F00829', 'F00831', 'F00888', 'F00840', 'F00841', 'F00853', '009516', '008289', 'F00874', 'F00760', 'F00752', 'F00748', 'F00733', 'F00740', 'F00742']"
2545,"['F03862', '022005', 'F03859', 'F03654', 'F03650', 'F03663', '008950', '008267', 'F03918', 'F01453', 'F01285']"
2555,"['F03862', '022005', 'F03859', 'F03654', 'F03650', 'F03663', '008950', 'F03819', '008267', 'F01453', 'F01474', 'F01417', 'F01404', 'F01386', '011765']"
2980,"['019316', 'F03484', 'F03490', '066697', '141891', '139996']"
1240,"['F03008', 'F03032', 'F03009', 'F03012']"
1250,"['043191', 'F02854', 'F02853', 'F02914', 'F02851', 'F02946', 'F02855', 'F03092', 'F03090', '009538', 'F03088', 'F03173', 'F03084', 'F03080', 'F03078', 'F03075', 'F03077', 'F03067', 'F03068', 'F03179', 'F03050', 'F03046', 'F03026', '007968', 'F03016', 'F03018', 'F03171', 'F03176', '063399', 'F03004', 'F03003']"
1935,"['038673', 'F01545', 'F03716', 'F03790', 'F03867', 'F03794', 'F03797', 'F03795']"
1980,"['008921', 'F03626', 'F03624', '009480', 'F03633', 'F03685', 'F03683', 'F03721', 'F03706', 'F03702', 'F03829', 'F03698', 'F03695', 'F03428', 'F03601', 'F03430', 'F03432', 'F03565', 'F03563', 'F03597', 'F03591', 'F03524', 'F03590', 'F03525', 'F03529', 'F03534', 'F03536', 'F03538', '009549', '009491', '009493', '009494', 'F03545', 'F03542', 'F03593', 'F03610', 'F03457', 'F03458', 'F03447', 'F03469', 'F03573', 'F03576', 'F03578', 'F03580', '009707', '009708', 'F03582', 'F03598', '011768']"
1350,"['009358', '009338', '049170', '049171', '049172', 'F04543', 'F04569', 'F04533', '008954', '008956', '008958', '009147', 'F04564', 'F04573', '069403', 'F04166', 'F04525', 'F04575', '049174', '009566', '087373']"
1830,"['F03711', 'F03704', 'F03705', 'F03720', 'F03684', 'F03686', 'F03634', 'F03638', 'F03857', 'F03640', 'F03802', 'F03851', 'F03807', 'F03808']"
1660,"['F03810', 'F03784', 'F03789', 'F03846', 'F03848', 'F03798', '022005', 'F03859', 'F03654', 'F03650', 'F03663', '008399', 'F03672', 'F03820', 'F03676', 'F03659', 'F04562', 'F04566', 'F04561', 'F04559', 'F04557', 'F04555', 'F04545', 'F04543', 'F04569', 'F04533', 'F04531', 'F04529', 'F04050', 'F04121', 'F04145', 'F04122', 'F04129', '009582', 'F01435']"
2660,"['F03795', 'F03796', 'F03793', 'F03868', 'F03788', 'F03785', 'F03810', 'F03784', 'F03789', 'F03846', 'F03848', 'F03798', '022005', 'F03859', 'F03654', 'F03650', 'F03663', 'F03665']"
1190,"['009715', '009716', '009717', '009718', '009719', 'F04145', 'F04122', 'F04128', '008898', '009582', 'F01434']"
9640,"['F04703', 'F04831', 'F04799', 'F04700', 'F04704', 'F04706', 'F04705', 'F04701', 'F04797', 'F04698', 'F04697', 'F00118', 'F00399', 'F00397', 'F00395', 'F00401', 'F00403', 'F00405', 'F00407', 'F00361', 'F00359', 'F00340', '007972']"
9630,"['031884', 'F04828', 'F04826', 'F04785', 'F04783', 'F04781', 'F04779', 'F04824', 'F04777', 'F04822', 'F00352', 'F00350', 'F00354', 'F00369', 'F00357', 'F00340', '007972']"
1885,"['009438', '009440', '107799', '009443', 'F04708', 'F04733', '044380', '044382', '047985', '098882', '098531', '098535', '098538', 'F04740', 'F04804', 'F04802', 'F04711', 'F04838', 'F04830', 'F04715', 'F04806', '008597', '075744', '061277']"
1880,"['061275', '082617', 'F01931', 'F02266', 'F02217', 'F04795', 'F04791', 'F04735', 'F04809', 'F04721', 'F04719', 'F04807', 'F04717', 'F04714', 'F04829', 'F04837', 'F04710', 'F04801', 'F04803', 'F04739', '098540', '098536', '098532', '099012', '061378', '044383', '044381', 'F04734', 'F04709', '009442', '047670', '009439', '009438']"
1401,"['F04836', 'F04713', 'F04715', 'F04716', 'F04808', 'F04720', 'F04722', 'F04810', 'F04736', 'F04792', 'F04796', 'F02218', 'F02267', 'F01933', 'F01930', 'F01929', 'F01927', 'F02054', 'F02113', 'F02169', '043343', 'F02311', 'F00014', 'F00022', 'F02470']"
1400,"['074495', '008323', '008326', '008322', '073427', '008447', '073426', 'F04755', 'F04754', '008325', '142233', '008319', '008847', 'F04726', 'F04836', 'F04713', 'F04715', 'F04716', 'F04808', 'F04720', 'F04722', 'F04810', 'F04736', 'F04792', 'F04796', 'F02218', 'F02267', 'F01933', 'F01930', 'F01929', 'F01927', 'F02054', 'F02113', 'F02169', '043343', 'F02311', 'F00014', 'F00022', 'F02470']"
1402,"['008339', 'F04725', '008597', '008846', '008318', '142232', '008324', '008317', '073473', '073427', '008447', '073426', '073472', 'F04814', 'F04759', '008328', '008330', '008332', '008333']"
1720,"['008317', '073473', '073472', 'F04814', 'F04759', 'F04761', 'F04763', 'F04764', 'F04746', 'F04744', 'F04743', 'F04747', 'F04812', 'F04749', '073471']"
1730,"['062604', 'F04750', 'F04813', 'F04748', 'F04744', 'F04743', 'F04745', 'F04765', 'F04762', '008345', 'F04815', '008322']"
2720,"['007817', '048305', '048303', '008317', '073473', '073472', '098674', 'F04750', 'F04813', 'F04748', 'F04744', '075744', '061277']"
1300,"['F01317', 'F01321', 'F01738', 'F02929', 'F02747', 'F02931', 'F02751', 'F02936', 'F02786', 'F02783', 'F03276', 'F03263', 'F03262', 'F03259', '043341', 'F03350', 'F03219', 'F02984', 'F02985', 'F03148', 'F03201', 'F03209', 'F03154', 'F03159', 'F03193']"
2400,"['F04835', 'F04713', 'F04715', 'F04716', 'F04808', 'F04720', 'F04722', 'F04810', 'F04736', 'F04792', 'F04796', 'F02218', 'F02267', 'F01933', 'F01930', 'F01927', 'F02113', 'F02173', 'F02201']"
0161,"['F02469', 'F00031', 'F00070', 'F00114', 'F00071', 'F00074', 'F00073']"
1160,"['F00073', 'F00072', 'F00069', 'F00030', '009730', '008087']"
0130,"['009105', '009104', '009102', '009100', '009098', '009096', '008480', 'F04773', 'F04816', 'F04772', 'F04769', 'F04768', 'F04481', 'F04483', 'F04515', 'F04485', 'F04490', 'F04492', 'F04499', 'F04498', 'F04493', 'F04491', 'F04486', 'F04487', 'F04488', 'F04489', 'F04477', 'F04478', 'F04521', '008169', '102569', 'F04458', '007999']"
1130,"['F04769', 'F04768', 'F04481', 'F04483', 'F04515', 'F04485', 'F04490', 'F04492', 'F04499', 'F04498', 'F04493', 'F04491', 'F04486', 'F04487', 'F04488', 'F04489', 'F04477', 'F04478', 'F04521', '008169', '102569', 'F04458', '007999']"
2870,"['008120', 'F04457', '102568', 'F04468', 'F04512', 'F04470', 'F04473', '062522', '062515', '083329', 'F04390', 'F02162', 'F02160', 'F01880', 'F01883', 'F01886', 'F02069', 'F01906', 'F01910', 'F04731', '009085', 'F04730', 'F04728', '008598', 'F04721', 'F04719', 'F04807', 'F04717', 'F04714', 'F04712', 'F04724']"
0131,"['008120', 'F04457', '102568', '008168', '008119', '008110', '008109', '008114', '008113', '008112', '008111', 'F04516', 'F04484', 'F04482', 'F04767', 'F04770', 'F04769']"
9920,"['F03289', 'F03338', 'F03336', 'F03327', '044125', '008775', 'F03405', 'F03284', 'F04584', '009000', '009763', '009002', '009004', '009007', '009009', '009011', '009013', '009012', '009010', '009008', '009005', '009014', '009022', '009015', '009016', '009018', '009019', '110870']"
3511,"['F01379', 'F01382', '008702', 'F01393', 'F01398', 'F01506', 'F01341']"
3510,"['F01379', 'F01382', '008702', 'F01393', 'F01398', 'F01506', 'F01341', '040525', 'F01414', 'F01349', 'F01421', 'F01427', 'F01357', 'F01436', 'F04152']"
1131,"['008120', 'F04457', '102568', '008168', '008119', '008110', '008109', '008114', '008113', '008112', '008111', 'F04490', 'F04492', 'F04499', 'F04498']"
1740,"['F02759', '009499', '009500', '009381', 'F03268', 'F03255', 'F03252', 'F03358', '008946', '009375', '008947', 'F03295', 'F03378', 'F03391', 'F03301', 'F03302', 'F03304']"
1070,"['F01314', 'F01161', 'F01166', 'F01171', 'F01017', 'F01004', '062518', 'F00108', '071236', '121946', '062620', '062622', '008280', '071262']"
0871,"['061188', '082617', 'F01928', 'F01931', 'F01932', 'F01935', 'F02233', 'F01937', 'F01913', 'F01909', 'F01907', 'F02070', 'F01887', 'F01884', 'F01881']"
1870,"['F01880', 'F01883', 'F01886', 'F02069', 'F01906', 'F01908', 'F01913', '009352', '009354', '009356', '009431', '009430', '075744', '061277']"
0870,"['061188', '082617', 'F01928', 'F01931', 'F01932', 'F01935', 'F02233', 'F01937', 'F01913', 'F01909', 'F01907', 'F02070', 'F01887', 'F01884', 'F01881', 'F02159', 'F02161', 'F04392', 'F04393']"
0350,"['008967', 'F04574', 'F04524', '045755', 'F04165', 'F04083', 'F04075', 'F04074', 'F04065', 'F04110', 'F04109', 'F04135', 'F04127', 'F04123', 'F04144', 'F04148', 'F04307', 'F04316', 'F04314', '008067', 'F04278', 'F04191', 'F04193', 'F04200', 'F04206', 'F04207', 'F04211', 'F04334', 'F04281', 'F04282', '067622']"
0360,"['F03776', 'F03746', 'F03840', 'F03750', 'F03835', 'F03769', 'F03762', 'F03766', 'F03620', 'F03623', 'F03625', '008093', '008095', '075655', 'F04086', 'F04165', 'F04083', 'F04572', 'F04565', 'F04078', 'F04077', 'F04162', 'F04157', 'F04058', 'F04056', 'F04054', 'F04119', 'F04144', 'F04148', 'F04307', 'F04316', 'F04314', '008067', 'F04278', 'F04191', 'F04193', 'F04200', 'F04206', 'F04207', 'F04211', 'F04334', 'F04281', 'F04282', '067622']"
1480,"['F04226', 'F04228', 'F04262', 'F04260', 'F04259', 'F04256', 'F04255', 'F04253', 'F04251', 'F04249', 'F04340', 'F04203', 'F04185', 'F04177', 'F04320', 'F04315', 'F04317', 'F04306', 'F04149', 'F04145', 'F04122', 'F04129', 'F04134', 'F04137', 'F04140', 'F04174', 'F01450', 'F01451', 'F03920', 'F03968', 'F03969', 'F03922', 'F03964', 'F03959', 'F03955', 'F03950', 'F03942', '038687']"
1610,"['011723', 'F03475', 'F03477', 'F03480', 'F03491', 'F03482']"
1611,"['008025', 'F01780', 'F01628', 'F01621', 'F01616', 'F01824', 'F01822', 'F01818', 'F01614', 'F01604', 'F01606', 'F01716', 'F01847', 'F01849', 'F01722', '116271', 'F03549', '009543', 'F03547', 'F03545', 'F03542', 'F03593', '011724']"
4830,"['F01529', '008287', '045776', '109636', '109885', '109634', 'F01223', 'F01176', 'F01207', 'F01204', 'F01185', 'F01339', 'F01340', '069174', 'F00923']"
4720,"['F01186', 'F01223', 'F01176', 'F01207', 'F01204', 'F01175', 'F01010', 'F01013', '009309', '048506', 'F00942', 'F00940', 'F01030', 'F01070', 'F01107', 'F01105', 'F01073', 'F01054', 'F02693', 'F02694', 'F02698', 'F02700', 'F02701', 'F02715', 'F02724']"
0380,"['064075', '064085']"
2380,"['064075', '064170']"
2802,"['064075', '064170', '064175', '064090', '064181', '064105', '064182', '064183', '064184', '064185', '044033', '064186', '036236', '101178', '101179', '101180', '101181', '101182', '101183', '101184', '101185', '009292', '064244', '064243', '064245', '064246', '069195', '064240', '008652', '008646', 'F04639', 'F04641', 'F04680', 'F04653']"
2780,"['F04332', 'F04318', 'F04267', 'F04294', 'F04349', 'F04274', 'F04284', 'F04285', 'F04287', 'F04351', 'F04290', 'F04353', 'F04265', '064239', '064241', '064067', '112880']"
0381,"['F04653', '037747', 'F04681', 'F04642', '008647', '008652', 'F04266', 'F04354', 'F04289', 'F04352', 'F04288', 'F04286', 'F04283', 'F04273', 'F04350', 'F04336', 'F04177', '040609', 'F04321', 'F04332']"
2800,"['064075', '064170', '064175', '064090', '064181', '064105', '064182', '064183', '064184', '064185', '044033', '064186', '036236', '009292', '064244', '064243', '064245', '064246', '069195', '064240', '008652', '008646', 'F04639', 'F04641', 'F04680', 'F04653']"
2790,"['008651', 'F04266', '064239', '064241', '064316']"
2792,"['008651', 'F04266', '064239', '064241', '064067', '064075', '064085', '064087', '101178', '101179', '101180', '101181', '101182', '101183', '101184', '101185', '064088', '064089', '044034', '064091', '064092', '064093', '064103', '064104', '064105', '064106', '064107', '064108', '112880']"
9380,"['F04330', 'F04278', 'F04191', 'F04193', 'F04292', 'F04366', 'F04274', 'F04284', 'F04285', 'F04287', 'F04351', 'F04290', 'F04353', 'F04265', '008646', 'F04639', 'F04641', 'F04680', 'F04653']"
4730,"['118346', 'F01029', '094720', 'F02618', 'F01072', 'F01090', 'F01040', 'F01117', '062517', '061368', '009161', 'F01251', 'F01183', 'F01321', 'F01736', 'F01745', 'F01559', 'F01725', 'F01570', 'F01644', 'F01662']"
5200,"['F00094', 'F02481', 'F00063', 'F00959', 'F00961', 'F01019', 'F01292', 'F01336', 'F01325', 'F01743', 'F01749']"
9310,"['F01017', '009309', '048506', 'F00942', 'F00940', 'F01029']"
9312,"['F00195', 'F00201', 'F00203', 'F00205', 'F00207', 'F00209', 'F00211', 'F00215', 'F00151', 'F00269', 'F00267', 'F00264', 'F00262', 'F00260', 'F00125', 'F00258', 'F00256', '117574', 'F00220', 'F00222', 'F00224', 'F00229', 'F00231', 'F00232', 'F00189', 'F00930', 'F01027']"
9311,"['F00950', 'F01012', 'F01016', 'F01170', 'F01165', 'F01162', '009161', 'F01251', 'F01183', 'F01321', 'F01738', 'F02929', 'F02747', 'F02931', 'F02751', 'F02754', 'F01752']"
9900,"['011725', 'F03594', 'F03541', 'F03544', 'F03546', '011773', '011715', '116272', 'F01719', 'F01848', 'F01846', 'F01715', 'F01605', 'F01602', 'F01613', 'F01819', 'F01823', 'F01825', 'F01615', 'F01622', 'F01781', 'F01860', 'F01756', 'F02970', 'F02752', 'F02930', 'F02746', 'F02928', 'F01737', 'F01735', '008545', 'F01182', 'F01250', '009163', 'F01161', 'F01166', 'F01171', 'F01017', '009309', 'F00985', 'F00981', '008238', '049785', 'F00053', '009629', 'F00036', 'F00032', '009174', 'F02333', 'F00023', 'F02409', 'F02420', 'F02306', 'F02292', 'F02287', 'F02286', 'F02284', 'F02281', 'F02279', 'F02434', 'F02430', 'F02401', 'F02395', 'F02393', 'F02391', 'F02389', 'F02387', 'F02440', 'F02442', 'F02443', 'F02445', 'F02447', 'F02449', '110321']"
4800,"['F01738', 'F02929', 'F02747', 'F02931', 'F02751', 'F02936', 'F02786', 'F02783', 'F02781', 'F02935', 'F02777', 'F02776', 'F02772', 'F02769', 'F02767', 'F02764']"
0570,"['007977', 'F00339', 'F00356', 'F00368', 'F00370', 'F00362', 'F00388', 'F00390', 'F00392', 'F00395', 'F00401', 'F00403', 'F00405', 'F00407', 'F00361', 'F00359', 'F00340', '007972']"
2570,"['007976', 'F00339', 'F00358', 'F00360', 'F00406', 'F00404', 'F00402', 'F00400', 'F00394', 'F00393', 'F00391', 'F00389', 'F00363', 'F00371', 'F00369', 'F00357', 'F00340', '007972']"
0460,"['F03164', 'F03158', 'F03153', 'F03150', 'F03202', '008903', 'F02987', 'F03346', 'F03258', 'F03223', 'F03226', 'F03213', 'F03348', 'F03218', 'F03351', 'F03227', 'F03352', 'F03231', 'F03232', 'F03340', 'F03408', 'F03308', '009377', 'F03388', 'F03311', 'F03315', 'F03318', 'F03383', 'F03384', 'F03325', 'F03387', 'F03328', 'F03335', 'F03337', 'F03286', 'F03450', 'F03452', 'F03454', 'F03542', 'F03593', '009684', '009685', 'F03516', 'F03587', 'F03519', '008577', 'F03532', '069273', '009137']"
1460,"['F03164', 'F03158', 'F03153', 'F03150', 'F03202', '008903', 'F02987', 'F03346', 'F03258', 'F03223', 'F03226', 'F03213', 'F03348', 'F03218', 'F03351', 'F03227', 'F03352', 'F03231', 'F03232', 'F03340', 'F03408', 'F03308', '009377', 'F03388', 'F03311', 'F03315', 'F03318', 'F03383', 'F03384', 'F03325', 'F03387', 'F03328', 'F03335', 'F03337', 'F03286', 'F03450', 'F03472', '009706', 'F03446', 'F03459', 'F03605']"
9600,"['F02199', '008041', 'F02128', 'F02117', 'F02170', 'F02169', '043343', 'F02311', 'F00014', 'F00022', 'F02332', 'F02465', 'F00309', 'F00200', 'F00187', 'F00234', 'F00247', 'F00245', 'F00137', 'F00600', 'F00686', 'F00596', '007881', '007883', '008412', 'F00680', 'F00518', 'F00520', 'F00549', 'F00523', 'F00678']"
1500,"['007997', 'F04455', '007995', 'F04451', 'F04450', 'F04447', 'F04445', 'F04444', '061236', 'F04441', 'F04439', 'F04437', 'F04394', '008943', '103386', '009463', '061286', 'F04370', 'F01896', 'F01899', 'F01900', '061273', 'F01916', 'F01918', '061226', '061280', '061227', '061224', 'F01921', 'F01923', 'F01927', 'F02054', 'F02051', 'F02261', 'F02124', 'F02180', 'F01995', 'F02000']"
1502,"['F02000', '009570', 'F02182', 'F02123', 'F02262', 'F02052', 'F02053', 'F01926', 'F01922', 'F01920', 'F01919', '061226', '061222', '061227', '061271', 'F01917', '061272', 'F01901', 'F01898', 'F01897', 'F04371', 'F04373', 'F04374', '008098', '009462', '103388', '008918', '009546', 'F04438', 'F04440', 'F04442', '061237', 'F04443', 'F04446', 'F04448', 'F04449', 'F04452', 'F04453', 'F04456', '007999']"
1440,"['F03228', 'F03343', 'F03225', 'F03221', 'F03257', 'F03357', 'F03251', 'F03254', 'F03266', 'F03283', 'F03371', 'F03279', 'F02784', 'F02788', 'F02933', 'F02774', 'F02765', 'F02757']"
0540,"['007924', 'F03677', 'F03821', '008950', 'F03873', 'F03819', 'F03674', 'F03872', 'F03680', 'F03682', 'F03631', 'F03888', 'F03908', 'F03912', 'F03913', 'F03895', 'F03916', 'F04037', 'F03918', 'F03898', 'F01453', '008587', 'F01474', 'F01425', 'F01422', 'F01417', 'F01351', 'F01356', 'F01404', '008240', 'F01386', '011765']"
0221,"['F04788', '044381', 'F04734', 'F04709', 'F04685', 'F04683', 'F00116', 'F00184', 'F00182', 'F00180', 'F00178', 'F00176', 'F00150', 'F00174', '007878', 'F00148', 'F00172', 'F00169', 'F00166', 'F00410', 'F00158', 'F02466']"
0220,"['F02466', 'F00155', 'F00159', 'F00164', 'F00168', 'F00171', 'F00147', '007877', 'F00173', 'F00149', 'F00175', 'F00177', 'F00179', 'F00181', 'F00183', 'F00115', 'F04682', 'F04684', 'F04708', 'F04733', '044380', '044382', '116310', '047985', '044371']"
2220,"['F02466', 'F00155', 'F00159', 'F00164', 'F00168', 'F02352', '009588', 'F00147', '007877', 'F00173', 'F00149', 'F00175', 'F00177', 'F00179', 'F00181', 'F00183', 'F00115', 'F04682', 'F04684', '009442', '047670', '009439', '009438']"
2440,"['F03341', 'F03245', 'F03354', 'F03246', 'F03234', 'F03230', 'F03353', '009382', '009383', 'F03254', 'F03266', 'F03283', '009501', 'F02757']"
2170,"['F01800', 'F01653', 'F01655', 'F01660', 'F01665', 'F01839', 'F01690', 'F01692', 'F01694', 'F01586', 'F01548', 'F01546', 'F01723', 'F01545', 'F03880', 'F03881', 'F03882', 'F03697', 'F03830', 'F03700', 'F03703', 'F03716', '009208']"
1850,"['F01800', 'F01653', 'F01631', 'F01669', 'F01671', 'F01838', 'F01685', 'F01701', 'F01699', 'F01704']"
9400,"['F02196', 'F02181', '009427', 'F02049', 'F02053', 'F01926', 'F01928', 'F01931', 'F01932', 'F02266', 'F02217', 'F04795', 'F04791', 'F04735', 'F04809', 'F04721', 'F04719', 'F04807', 'F04717', 'F04714', 'F04712', 'F04724']"
9722,"['F02196', 'F02181', '009427', 'F02049', 'F02053', 'F01926', 'F01928', 'F01931', 'F01932', 'F02266', 'F02217', 'F04795', 'F04791', 'F04735', 'F04809', 'F04721', 'F04719', 'F04807', 'F04717', 'F04714', 'F04712', 'F04835', 'F04713', 'F04829', 'F04837', 'F04710', 'F04801', 'F04803', 'F04739', 'F04833', 'F04741', 'F04743', 'F04747', 'F04812', 'F04749', 'F04752', 'F04757', 'F04814', 'F04759', 'F04761', '008345', 'F04815', '008322', 'F04755', 'F04754', '048302', '048304', '007817', '048305', '048303', '062604']"
9720,"['062604', 'F04750', 'F04813', 'F04748', 'F04744', 'F04742', 'F04834', 'F04740', 'F04804', 'F04802', 'F04711', 'F04838', 'F04830', 'F04715', 'F04716', 'F04808', 'F04720', 'F04722', 'F04810', 'F04736', 'F04792', 'F04796', 'F02218', 'F02267', 'F01933', 'F01930', 'F01929', 'F01927', 'F02054', 'F02050', 'F02221', '009412', 'F02184', 'F02192', 'F02196']"
0400,"['103053', 'F04713', 'F04715', 'F04716', 'F04808', 'F04720', 'F04722', 'F04810', 'F04736', 'F04792', 'F04796', 'F02218', 'F02267', 'F01930', '075744', '061277']"
0402,"['103053', 'F04725', 'F04805', 'F04716', 'F04808', 'F04720', 'F04722', 'F04810', 'F04736', 'F04792', 'F04796', 'F02218', 'F02267', 'F01930', '075744', '061277']"
0880,"['061275', '082617', 'F01928', 'F01931', 'F01932', 'F02266', 'F02217', 'F04795', 'F04791', 'F04735', 'F04809', 'F04721', 'F04719', 'F04807', 'F04717', 'F04714', 'F04829', 'F04837', 'F04710', 'F04801', 'F04803', 'F04739', '011327', 'F04833', 'F04741', 'F04743', 'F04745', 'F04765', 'F04762', '008345', 'F04815', '008322', 'F04755', 'F04754', '048302', '048304', '007817', '098527', '098526', 'F04767', 'F04770', 'F04769', 'F04768', 'F04481', 'F04483', 'F04515', 'F04485', 'F04487', 'F04488', 'F04489', 'F04477', 'F04478', 'F04521', '008169', '102569', 'F04458', '007999']"
0881,"['007817', '048305', '048303', '062604', 'F04750', 'F04813', 'F04748', 'F04744', 'F04742', 'F04834', '011327', 'F04740', 'F04804', 'F04802', 'F04711', 'F04838', 'F04830', 'F04715', 'F04716', 'F04808', 'F04720', 'F04722', 'F04810', 'F04736', 'F04792', 'F04796', 'F02218', 'F02267', 'F01933', 'F01930', 'F01929', '075744', '061277']"
0405,"['103053', 'F04713', 'F04715', 'F04716', 'F04808', 'F04720', 'F04811', 'F04727', '075744', '061277']"
9730,"['F04507', 'F04506', 'F04503', 'F04501', '008170', 'F04497', 'F04494', 'F04479', 'F04510', 'F04466', 'F04458', 'F04455', 'F04454', 'F04431', 'F04434', 'F04435', 'F04407', 'F04406', 'F04398', 'F04384', 'F02028', 'F02026', 'F02022', '008685', 'F02012', '016764', 'F02011', 'F02005', '009425', '016727', 'F02192', 'F02149', 'F02144', 'F00111', '009537', 'F00951', 'F01016', 'F01170', 'F01165', 'F01162', 'F01159', 'F01146', 'F02716', 'F02723', '009426', 'F02873', 'F02876', 'F02962', 'F02866', 'F02948', 'F02863', 'F02911', 'F02857', 'F03206', 'F03100', 'F03104', 'F03189', 'F03111', 'F03126', 'F03194', 'F03160', 'F03153', 'F03150', 'F03202', 'F03145']"
9731,"['F01016', 'F01170', 'F01165', 'F01162', 'F01159', 'F01146', 'F02716', 'F02723', '009426', 'F02873', 'F02876', 'F02962', 'F02866', 'F02948', 'F02863', 'F02911', 'F02857', 'F03206', 'F03100', 'F03104']"
1615,"['011725', 'F03594', 'F03541', 'F03544', 'F03546', 'F01846', '008022']"
9410,"['F02196', 'F02181', '009427', 'F02049', 'F02053', 'F01926', 'F01922', 'F01920', 'F01919', '061271', 'F01917', 'F01945', 'F01938', 'F01914', 'F01901', 'F01898', 'F01897', '008099', '008101', '008104', '008106', 'F04402', 'F04403', 'F04408', 'F04411', 'F04412', 'F04415', 'F04416', 'F04424', 'F04426', 'F04427', 'F04429', '062513', '103387', '103388', '008918', '009546', 'F04438', 'F04440', 'F04442', '061237', '008922', '008952', 'F04470', 'F04473', 'F04475', 'F04514', 'F04476', 'F04513', 'F04474', 'F04472', 'F04471', 'F04464', 'F04462', 'F04460', '102569', 'F04458', '007999']"
1970,"['019313', 'F03507', 'F03571', 'F03505', 'F03502', 'F03500', 'F03568', 'F03574', '009482', 'F03586', '019314', '019313']"
2620,"['011726', 'F03594', 'F03541', 'F03544', 'F03546', '011773', '011715', '116272', 'F01719', 'F01848', 'F01846', 'F01715', 'F01605', 'F01602', 'F01613', 'F01819', 'F01823', 'F01825', 'F01615', 'F01622', 'F01623', 'F01827', 'F01648', 'F01641', '048277']"
1620,"['008379', 'F01653', 'F01629', 'F01628', 'F01621', 'F01616', 'F01824', 'F01822', 'F01818', 'F01614', 'F01604', 'F01606', 'F01716', 'F01847', 'F01849', 'F01722', '116271', 'F03549', '009543', 'F03547', 'F03545', 'F03542', 'F03593', '011723', 'F03475', 'F03477', 'F03478', 'F03487', 'F03567', 'F03490', 'F03493', 'F03602', 'F03495', '008948', 'F03586', 'F03507', 'F03571', 'F03505', 'F03502', '009728', '061379']"
1940,"['F01459', 'F03924', 'F03923', 'F03921', 'F03966', 'F03972', 'F04025', 'F03983', 'F03991', 'F04033', 'F03992', 'F03995', 'F03998', 'F03891', 'F03892', '056189']"
1942,"['F01459', 'F03924', 'F03923', 'F03921', 'F03966', 'F03972', 'F04025', 'F03983', 'F03991', 'F04033', 'F03992', 'F03995', 'F03998', 'F03891', 'F03892', 'F03622', 'F03625', 'F03678']"
0250,"['F00806', 'F00862', 'F00817', 'F00879', 'F00829', 'F00891', 'F00836', 'F00886', 'F00838', 'F03055', 'F03180', 'F03069', 'F03183', 'F03071', 'F03181', 'F03203', '009652', 'F03172', '009495', '008241', '008242', 'F02895', 'F02885']"
1012,"['008922', '008952', '011313', 'F04511', 'F04469', '082623', 'F04459', 'F04461', 'F04463', '008971', '061236', 'F04441', 'F04439', 'F04437', 'F04394', '008943', '061233', '061280']"
1085,"['F02228', 'F02071', 'F02059', 'F02057', 'F02242', 'F02056', '062519', 'F01929', '075744', '061277', 'F02054', 'F02113', 'F02168', 'F00004', 'F00009', 'F00110', '009537', 'F00951', 'F01016', 'F01170', 'F01165', 'F01159', 'F02725', 'F02824', 'F02835', 'F02848', 'F03195', 'F03136', 'F03152', 'F03157', 'F03165']"
0931,"['038686', 'F03945', 'F03951', 'F03905', 'F04028', 'F03735', 'F03732', 'F03730', 'F03837', 'F03728', 'F03726', 'F03997', 'F03891', 'F03892', 'F03723', 'F03764', 'F03767', '009569', 'F03721', 'F03706', 'F03702', 'F03829', 'F03699']"
1325,"['038686', 'F03945', 'F04022', 'F03837', '086874', '086875', '086876', 'F03620']"
0930,"['F03870', '100605', 'F03814', 'F03693', 'F03697', 'F03830', 'F03700', 'F03703', 'F03713', 'F03707', 'F03769', 'F03762', 'F03722', 'F03894', 'F03890', 'F03999', 'F03727', 'F03729', 'F03838', 'F03731', 'F03733', '008047', 'F04029', 'F03906', 'F03952', 'F03950', 'F03942', '038687']"
3420,"['F01461', 'F03926', 'F03960', 'F04022', 'F03980', 'F04003', 'F04039']"
1020,"['078004', 'F02335', '007900', 'F00023', 'F02409', 'F02420', 'F02306', 'F02292', 'F02291']"
3030,"['F01439', 'F01442', 'F01445', 'F01448', 'F01454', 'F01366', 'F01526', 'F01485', 'F01495', 'F01532', 'F01538', 'F01576', 'F01574', 'F01646', 'F01650', 'F01826', 'F01624', 'F01783', 'F01863', '008382', 'F01757', 'F02969', 'F02753', 'F02972', 'F02797', 'F02818', 'F02832', 'F02967', 'F02869', 'F02963', 'F02880', '008206']"
1380,"['007998', 'F04455', 'F04454', '008337', '008647', 'F04266', 'F04354', 'F04289', 'F04352', 'F04288', 'F04286', 'F04283', 'F04273', 'F04350', 'F04336', 'F04177', '040609', 'F04321', 'F04330']"
1390,"['F02226', 'F02071', 'F02059', 'F02057', 'F02242', 'F02056', '062519', 'F01929', 'F01927', 'F02054', 'F02113', 'F02169', '043343', 'F02311', 'F00014', 'F00022', 'F02470']"
3170,"['F00568', 'F00590', 'F00595', 'F00685', 'F00599', 'F00136', 'F00244', 'F00242', 'F00240', '069091', 'F00198', 'F00307', 'F02462', 'F00024', 'F00019', 'F00018', 'F02416', 'F02167', 'F02172', 'F02116', 'F02253', 'F02126', 'F02146', 'F02200', '008593', 'F01997', 'F02238', 'F02004', 'F02010', 'F02240', 'F02013', 'F02016', 'F02020', 'F02025', 'F02031', '008864']"
9560,"['011725', 'F03594', 'F03541', 'F03544', 'F03546', '011773', '011715', '116272', 'F01719', 'F01848', 'F01846', 'F01715', 'F01605', 'F01602', 'F01613', 'F01819', 'F01823', 'F01825', 'F01615', 'F01622', 'F01781', 'F01860', 'F01756', 'F02970', 'F02752', 'F02930', 'F02746', 'F02928', 'F01737', 'F01735', '008545', 'F01182', 'F01250', '009163', 'F01161', 'F01166', 'F01171', 'F01017', 'F01004', '062518', 'F00113', 'F00102', 'F00078', 'F00082', 'F00091', 'F00028', 'F02332', 'F02466', 'F00412', 'F00427', 'F00155', 'F00159', 'F00160', 'F00164', 'F00429', 'F00311', 'F00323', 'F00325', 'F00327', 'F00329', 'F00331', 'F00339', 'F00356']"
3190,"['F00568', 'F00590', 'F00595', 'F00685', 'F00599', 'F00136', 'F00244', 'F00242', 'F00240', 'F00236', '069093', '008750', 'F00051', '009676', 'F00107', '072935', '008590', 'F02148', 'F02202', 'F02181', 'F02047', 'F02042', 'F02038', '007967']"
9080,"['F03287', 'F03338', 'F03336', 'F03329', 'F03331', 'F03333', 'F03398', '050003', 'F03386', 'F03326', 'F03385', 'F03382', 'F03319', 'F03320', 'F03323', 'F03397', 'F03308', 'F03392', 'F03236', 'F03243', 'F03275', 'F01778', 'F01775', 'F01790', 'F01854', 'F01772', 'F01756', 'F02970', 'F02752', 'F02930', 'F02746', 'F02928', 'F01737', 'F01735', '008545', 'F01182', 'F01250', '009163', 'F01161', 'F01166', 'F01171', 'F01017', 'F01004', '062518', 'F00113', 'F00008', 'F00005', 'F02164', 'F02110', 'F02108', 'F02107', '008559', 'F02105', 'F02102', 'F02098', 'F02084', 'F02080', 'F02078', 'F02076', 'F02074', 'F02071', 'F02059', 'F02057', 'F02242', 'F02056', '062519', 'F01929', 'F01927', 'F02054', 'F02050', 'F02221', '009412', 'F02184', 'F02192', 'F02198']"
9081,"['F02198', 'F02181', '009427', 'F02049', 'F02053', 'F01926', 'F01928', 'F01931', 'F02055', 'F02243', 'F02058', 'F02060', 'F02072', 'F02073', 'F02075', 'F02077', 'F02079', 'F02085', 'F02096', 'F02103', 'F02104', '008560', 'F02106', 'F02109', 'F02111', 'F02112', 'F02168', 'F00004', 'F00009', 'F00110', '009537', 'F00951', 'F01016', 'F01170', 'F01165', 'F01162', '009161', 'F01251', 'F01183', 'F01321', 'F01738', 'F02929', 'F02747', 'F02931', 'F02751', 'F02754', '008942', 'F01771', 'F01855', 'F01791', 'F01776', 'F01777', 'F03274', 'F03241', 'F03235', 'F03393', 'F03309', 'F03396', 'F03324', 'F03321', 'F03317', 'F03383', 'F03384', 'F03325', 'F03387', '044125', '008775', 'F03332', 'F03330', 'F03328', 'F03335', 'F03337', '008181']"
1510,"['F04364', 'F04362', 'F04217', 'F04198', 'F04337', 'F04197', 'F04192', 'F04279', 'F04320', 'F04315', 'F04317', 'F04306', 'F04149', 'F04145', 'F04120', 'F04156', 'F04117', 'F04113', 'F04108', 'F04103', 'F04100', 'F04043', 'F03973', 'F03976', 'F03957', 'F03955', 'F03950', 'F03942', 'F03941', 'F01584', 'F01806', 'F01804', 'F01582', 'F01797', 'F01577', 'F01794', 'F01639', 'F01803']"
0150,"['F02535', 'F02563', '049181', '049180', 'F02567', 'F02569', 'F02508', 'F02510', 'F02504', '009587', 'F02612', 'F02616', 'F02514', 'F02523', 'F00931', 'F00991', '099343', 'F01020', 'F00986', '007885', 'F00924', 'F01001', 'F00923', 'F01007', '008694', 'F01339', 'F01340', '009365', '009359']"
9942,"['008471', '008095', 'F03681', 'F03679', 'F03871', 'F03675', 'F03818', 'F03874', '008949', 'F03875', 'F03657', 'F03779', 'F04600', '008553', '008552', '008551', '008550', '008549', '008548', 'F04651', 'F04652', 'F04606', 'F04648']"
9940,"['F04648', 'F04602', 'F04650', 'F04649', 'F04603', 'F04647', 'F04604', 'F04651', 'F04652', 'F04606', 'F04601', 'F03778', 'F03658', 'F03876', '008950', 'F03873', 'F03819', 'F03674', 'F03872', 'F03680', 'F03682', '008096', '008472']"
0100,"['008164', 'F01779', 'F01555', 'F01556', 'F01724', 'F01557', 'F01558', 'F01746', 'F01739', 'F01741', 'F01752']"
1695,"['F04593', 'F04644', 'F04583', 'F04592', 'F04590', 'F04645', 'F04594', 'F04580', 'F04587', 'F04585', 'F04578', 'F03445', 'F03433', 'F03435', 'F03439', 'F03483', 'F03492', 'F03481', 'F03476', 'F03474', '011725', 'F03594', 'F03541', 'F03544', 'F03546', '008022']"
0550,"['F04605', 'F04648', 'F04602', 'F04650', 'F04649', 'F04603', 'F04647', 'F04604', 'F04651', 'F04652', 'F04606', 'F04601', 'F03778', 'F03658', 'F03876', '008950', 'F03873', 'F03819', 'F03674', 'F03872', 'F03680', 'F03682', 'F03631', 'F03888', 'F03908', 'F03912', 'F03913', 'F03895', 'F03916', 'F04037', 'F03918', 'F03898', 'F01453', '008587', 'F01474', 'F01425', 'F01422', 'F01417', 'F01351', 'F01356', 'F01404', '008240', 'F01386', '011765']"
2945,"['F04648', 'F04602', 'F04650', 'F04649', 'F04603', 'F04647', 'F04604', 'F04651', 'F04652', 'F04606', 'F04601', 'F03778', 'F03658', 'F03876', '008950', 'F03873', 'F03819', 'F03674', 'F03872', 'F03682', 'F03631', 'F03908', 'F03912', 'F03916', 'F01451', 'F04014']"
0895,"['008553', '008552', '008551', '008550', '008549', '008548', 'F04651', 'F04652', 'F04606', 'F04601', 'F03778', 'F03658', 'F03876', '008950', 'F03873', 'F03819', 'F03674', 'F03872', 'F03682', '008267', '009074', 'F03912', 'F03916', 'F01451', '008575', '008490']"
0845,"['009207', '009206', '009205', '009204', '009203', '009196', '009197', '009198', '009195', '009202', '009200', '009193', 'F03725', 'F03655', 'F03663', '008950', 'F03873', 'F03819', 'F03674', 'F03872', 'F03682', '008267', '009074', 'F03912', 'F03916', 'F01451', '008575', '008490']"
0945,"['F04648', 'F04602', 'F04650', 'F04649', 'F04603', 'F04647', 'F04604', 'F04651', 'F04652', 'F04606', 'F04601', 'F03778', 'F03658', 'F03876', '008950', '008267', 'F01451', 'F04014']"
3040,"['F01998', 'F01992', 'F02225', 'F01374', 'F01380', 'F01191', 'F01199', 'F01200', 'F01168', 'F01111', 'F01035', 'F01082', 'F00933', 'F00925', 'F00141', 'F00192', 'F00198', 'F00307', 'F02476']"
3060,"['F02477', 'F00308', 'F00199', 'F00189', 'F00142', 'F00926', 'F00935', 'F01081', 'F01037', 'F01112', 'F01169', 'F01201', 'F01197', 'F01194', 'F01378', 'F01373', 'F02224', 'F02154', '009220']"
0050,"['F03033', 'F03034', 'F03036', 'F03038', 'F03058', 'F03071', 'F03181', 'F03203', 'F03083', 'F03169', 'F03101', 'F03205', 'F02858', 'F02909', 'F02861', 'F02947', 'F02865', 'F02963', 'F02881', 'F02875', 'F02730', 'F02722', 'F02717', 'F01145', 'F01314', 'F01161', 'F01166', 'F01171', 'F01017', 'F01004', '062518', 'F00102', 'F00078', 'F00082', 'F00091', 'F00028', 'F02332', 'F00427', 'F00155', 'F00288', 'F00286', 'F00284', 'F00282', 'F00280', 'F00276']"
0075,"['009376', 'F03158', 'F03151', 'F03196', 'F02829', 'F02730', 'F01314', 'F01166', '008782']"
1650,"['F00133', 'F00130', 'F00128', 'F00609', 'F00688']"
0651,"['F00132', 'F00130', 'F00128', 'F00126', 'F00634', 'F00122', 'F00120', '044029']"
0650,"['F00132', 'F00130', 'F00128', 'F00126', 'F00634', 'F00122', 'F00120', '064210', '064208', '064212', '064215']"
0310,"['F02755', 'F02787', 'F03276', 'F03263', 'F03262', 'F03259', 'F03223', 'F03226', 'F03213', 'F03348', 'F03218', 'F03297']"
1540,"['F02227', 'F02067', 'F02065', 'F02244', 'F02063', 'F02061', '062519', 'F01929', 'F01924', 'F01919', '061226', '061280']"
1530,"['F02227', 'F02067', 'F02065', 'F02244', 'F02063', 'F02061', '062519', 'F01929', 'F01924', 'F01919', '061226', '061280', '082617', 'F01922', 'F01920', '061271', 'F01917', 'F01915', 'F01938', 'F01940', 'F01941', 'F01946', '061225', '061231', '090915', 'F01960', 'F02214', 'F01958', 'F02032', 'F02034', '102592', 'F02048', 'F02180', 'F01995', 'F01988', 'F02222', '062620', '062622', '062607']"
1360,"['F03758', 'F03763', 'F03765']"
0670,"['F03595', 'F03554', '009492', 'F03556', 'F03557', 'F03558', 'F03559', 'F03553', 'F03550', 'F01717', 'F01864', 'F01609', 'F01816', 'F01814', 'F01611', 'F01786', '008923', 'F01784', 'F01773', 'F01790', 'F01854', 'F01772', 'F01752']"
1960,"['F03146', 'F03201', 'F03209', 'F03154', 'F03159', 'F03193', 'F03125', 'F03129', 'F03063', '043342', 'F03057', 'F03053', 'F00837', 'F00885', 'F00835', 'F00799', 'F00810', 'F00706', 'F00705', 'F00703', 'F00701', '009148', 'F00714', 'F00710', 'F00718', '070127', '073513', '075839', 'F00733', 'F00740', 'F00742']"
1961,"['F03146', 'F03201', 'F03209', 'F03154', 'F03159', 'F03193', 'F03125', 'F03129', 'F03063', '043342', 'F03057', 'F03053', 'F00837', 'F00885', 'F00835', 'F00799', 'F00811']"
1231,"['008967', 'F04574', 'F04524', '045755', 'F04165', 'F04083', 'F04075', 'F04070', 'F04068', 'F04046', 'F04090', 'F04097', 'F04170', 'F04101', 'F04141', 'F04174', 'F01450', 'F01451', '008575', '044127', 'F01460']"
1230,"['008490', 'F01456', 'F01370', 'F01449', 'F04173', 'F04139', 'F04099', 'F04171', 'F04096', 'F04089', 'F04045', 'F04069', 'F04067', 'F04071', 'F04073', '069403', 'F04166', 'F04525', 'F04575', '091217', 'F04574', '049174', '009566', '087373']"
1470,"['008697', 'F00793', 'F00851', 'F00894', 'F00895', 'F00850', 'F00770', 'F00755', 'F00715']"
1700,"['F00805', 'F00854', 'F00836', 'F00886', 'F00838', 'F03048', 'F03046', 'F03026', '007968', 'F03016', 'F03018', 'F03171', 'F03176', 'F02999', 'F02997', 'F02996']"
2700,"['F02995', 'F02998', 'F03000', 'F03001', 'F03175', 'F03170', 'F03017', 'F03015', 'F03025', 'F03029', 'F03023', 'F03020', '009555', '009515', 'F00842', 'F00837', 'F00885', 'F00835', 'F00855', 'F00805']"
1005,"['F00950', 'F01012', 'F01007', '089411']"
3592,"['007975', 'F00346', 'F00348', 'F00319', 'F00317', 'F00315', 'F00313', 'F00430', 'F00167', 'F00163', 'F00409', 'F00157', 'F00426', 'F02461', 'F00024', 'F02408', 'F02414', 'F02306', 'F02300', 'F02298', 'F02296', '008050', 'F02100', 'F02099', 'F02082']"
3561,"['007975', 'F00346', 'F00348', 'F00319', 'F00317', 'F00315', 'F00313', 'F00430', 'F00167', 'F00163', 'F00409', 'F00157', 'F00426', 'F02461', 'F00026', 'F00090', 'F00085', 'F00080', 'F00103', '072935', '008590', 'F02148', '008593']"
3610,"['007975', 'F00346', 'F00348', 'F00319', 'F00317', 'F00315', 'F00313', 'F00430', 'F00167', 'F00163', 'F00409', 'F00157', 'F00426', 'F02461', 'F00024', 'F00019', 'F00018', 'F02416', 'F02167', 'F02172', 'F02116', 'F02253', 'F02126', 'F02146', 'F02200', '008593']"
3560,"['007975', 'F00346', 'F00348', 'F00319', 'F00317', 'F00315', 'F00313', 'F00430', 'F00167', 'F00163', 'F00409', 'F00157', 'F00426', 'F02461']"
0990,"['F01294', 'F01163', 'F01303', 'F01209', 'F01212', 'F01222', 'F01333', 'F01227', '008270', 'F01241', 'F01260', 'F01534', 'F01536', 'F01638', 'F01540', 'F01463', 'F01459', 'F03924', 'F03923', 'F03921', 'F03966', 'F03972', 'F04042', 'F04099', 'F04171', 'F04096', 'F04089', 'F04088']"
2240,"['043331', 'F04574', 'F04524', '045755', 'F04165', 'F04083', 'F04075', 'F04070', 'F04068', 'F04046', 'F04094', 'F04168', 'F04102', 'F04136', 'F04133', 'F04127', 'F04123', 'F04144', 'F04142', 'F01431', 'F01359', 'F01429', 'F01419', 'F01351', 'F01356', 'F01404', '008240', 'F01386', '011765']"
4810,"['F02882', 'F02900', 'F02953', 'F02904', 'F02955', '218161', '218159', '218157', '218155', 'F02941', 'F02812', 'F02802', 'F02791', 'F02939', 'F02788', 'F02933', 'F02774', 'F02765', '102825']"
4760,"['009163', 'F01172', '062942', 'F01122', 'F01120', 'F01119', 'F01042', 'F01091', 'F01071', 'F01066', 'F02617', 'F02517', 'F02512', 'F02650', 'F02511']"
1765,"['F03584', 'F03599', 'F03583', '009483', '009484', '009485', '009544', '009486', '009487', 'F03458', 'F03447', 'F03466', 'F03471', 'F03451', 'F03449', '008569', 'F03291', 'F03403', 'F03402', 'F03400', 'F03316', 'F03320', 'F03323', 'F03397', 'F03308', 'F03392', 'F03275', 'F01775', 'F01752']"
2310,"['F03064', 'F03063', 'F03041']"
1310,"['F03226', 'F03214', 'F03210', 'F02981', 'F02985', '009379', 'F02991', 'F02993', 'F03370', 'F03278', 'F02784', 'F02788', 'F02933', 'F02774', 'F02765', 'F02757']"
2312,"['F03041', 'F03042', 'F03043', 'F03037', 'F03035', 'F03029', 'F03045', 'F03047', 'F03040', 'F03060', 'F03062', 'F03065', 'F03127', 'F03110', 'F03190', 'F03105', '008353', '117450', 'F03098', 'F03135', 'F03141', 'F03200', 'F03198', 'F03143', 'F02991', 'F02993', 'F03370', 'F03278', 'F02784', 'F02788', 'F02933', 'F02774', 'F02765', 'F02757']"
0975,"['008021', '009543', 'F03547', 'F03545', 'F03542', 'F03593', '011723', 'F03515', 'F03513', 'F03438', 'F03511', '043193', 'F03509', 'F03498']"
9430,"['F00678', '008410', '008408', '009563', '008406', '008404', '008402', 'F00456', 'F00459', '008939', '008428', '008430', '008432', '008434', '009170', '008436', '008438', '009119']"
1040,"['048519', 'F03034', 'F03036', 'F03045', 'F03053', 'F00837', 'F00885', 'F00835', 'F00855', 'F00799', 'F00810', 'F00706', 'F00705', 'F00703', 'F00701', 'F00869', 'F00867', 'F00698', '009574', '009573', 'F00916', '008644', '009421', '009748', '009747', '008642', '008649', '008400']"
2040,"['048519', 'F03034', 'F03036', 'F03045', 'F03053', 'F00837', 'F00885', 'F00835', 'F00855', 'F00799', 'F00810', 'F00706', 'F00705', 'F00703', 'F00701', 'F00869', 'F00867', 'F00698', '009574', '009573', '009630', 'F00463', 'F00469', 'F00465', 'F00650', 'F00645', 'F00641']"
1041,"['048519', 'F03034', 'F03036', 'F03045', 'F03053', 'F00837', 'F00885', 'F00835', 'F00855', 'F00799', 'F00810', 'F00706', 'F00705', 'F00703', 'F00701', 'F00869', 'F00867', 'F00698', '009574', '009573', 'F00916', '008644', '009421', '009748', '009747', '008642', '008649']"
1640,"['F04703', 'F04831', 'F04799', 'F04700', 'F04704', 'F04706', 'F04705', 'F04701', 'F04797', 'F04698', 'F04697', 'F00118', 'F00399', 'F00397', 'F00395', 'F00401', 'F00403', 'F00405', 'F00407', 'F00361', 'F00359', 'F00340', '007972']"
0642,"['F04707', 'F04705', 'F04702', '044602', '073308']"
1642,"['F04703', 'F04831', 'F04799', '044602', '073308', '044603', 'F04700', 'F04704', 'F04706', 'F04705', 'F04701', 'F04797', 'F04698', 'F04697', 'F00118', 'F00399', 'F00397', 'F00395', 'F00401', 'F00403', 'F00405', 'F00407', 'F00361', 'F00359', 'F00340', '007972']"
2640,"['007976', 'F00339', 'F00358', 'F00360', 'F00406', 'F00404', 'F00402', 'F00400', 'F00394', 'F00396', 'F00398', 'F00117', 'F04696', 'F04699', 'F04798', 'F04702', 'F04800', 'F04832', '044511']"
0640,"['007976', 'F00339', 'F00358', 'F00360', 'F00406', 'F00404', 'F00402', 'F00400', 'F00394', 'F00396', 'F00398', 'F00117', 'F04696', 'F04699', 'F04798', 'F04700', 'F04704', 'F04707', 'F04705', 'F04702', '044602', '073308', '044601']"
0641,"['007976', 'F00339', 'F00358', 'F00360', 'F00406', 'F00404', 'F00402', 'F00400', 'F00394', 'F00396', 'F00398', 'F00117', 'F04696', 'F04699', 'F04798', 'F04700', 'F04704', 'F04706']"
3410,"['F00568', 'F00590', 'F00595', 'F00685', 'F00599', 'F00136', 'F00244', 'F00242', 'F00240', 'F00236', '069093', '008750', 'F00051', '009676', 'F00107', '072935', '008590', 'F02148', '008593', 'F01997', 'F02238', 'F02004', 'F02010', 'F02240', 'F02013', 'F02016', 'F02020', 'F02025', 'F02031', 'F01902', 'F04379', 'F04377', 'F04376', 'F01894', 'F01892', '008788', 'F01890', 'F01889', 'F01885']"
4750,"['008132', '008545', 'F02737', 'F02733', 'F02718', 'F02711', '090482', 'F01137', '091338', 'F01051', 'F01059', 'F02620', 'F02639', 'F02608', 'F02509', 'F02573', 'F02521', 'F02512', 'F02650', 'F02511']"
0390,"['F00067', 'F00036', 'F00032', '009174', 'F02335', '007900', 'F00023', 'F02406']"
1685,"['008023', 'F01628', 'F01616', 'F01818', 'F01614', 'F01606', 'F01608', 'F01873', 'F01554', 'F01874', 'F01868', 'F01858', '007913', '009137', '009139', '069272', 'F03531']"
0205,"['F00746', 'F00739', 'F00732', 'F00749', 'F00751', 'F00775', 'F00779', 'F00791', 'F00877', 'F00833', 'F00832', 'F00892', 'F00828', 'F00878', 'F00816', 'F00821', 'F02550', 'F02645', 'F02627', 'F01055', 'F01160', '009160']"
2765,"['008028', '009322', 'F01776', 'F03274', 'F03393', 'F03309', 'F03396', 'F03324', 'F03321', 'F03317', 'F03399', 'F03401', 'F03404', 'F03290', '008535', 'F03450', 'F03452']"
2120,"['F01515', '009179', 'F01990', '009570', 'F02182', 'F02123', 'F02121', 'F02119', 'F02170', 'F02169', '009520', '009522', 'F02307', 'F02421', 'F02413', 'F02423', 'F02399', 'F02395', 'F02393', 'F02391', 'F02389', 'F02387', 'F02440', 'F02442', 'F02443', 'F02445', 'F02447', 'F02449', '110321']"
3690,"['008206', 'F02879', 'F02962', 'F02866', 'F02948', 'F02863', 'F02911', 'F02857', 'F03206', 'F03102', 'F03111', 'F03192', 'F03161', 'F03155', 'F03149']"
0440,"['F03341', 'F03245', 'F03354', 'F03246', 'F03234', 'F03232', 'F03340', 'F03408', 'F03308', 'F03392', 'F03236', 'F03243', 'F03275', 'F01778', 'F01775', 'F01790', 'F01755']"
0260,"['F01023', 'F00929', 'F00143', 'F02492', 'F02505', 'F02494', 'F02496', 'F02498', 'F02500', 'F02502', 'F02526', '066828', 'F02581']"
0320,"['008024', 'F01756', 'F02970', 'F02752', 'F02973', 'F02795', 'F02817', 'F02837', '009481', 'F02868', 'F02901', '008241', '008242', 'F02974', 'F02630', 'F02648', 'F02589', 'F02583', '009420', 'F02605']"
1910,"['049903', 'F00227', 'F00226', 'F00225', 'F00224', 'F00229', 'F00231', 'F00232', 'F00189', 'F00930', 'F01025']"
0910,"['009174', 'F00427', 'F00155', 'F00159', 'F00160', '009581', '009510', '009509', '009514', 'F00295', 'F00214', 'F00218', 'F00220', 'F00222', 'F00224', 'F00229', 'F00231', 'F00232', 'F00189', 'F00930', 'F01025']"
2910,"['F02381', 'F02383', 'F02386', 'F02353', 'F00170', 'F00166', '009581', '009510', '009509', '009514', 'F00295', 'F00214', 'F00218', 'F00220', 'F00222', 'F00224', 'F00229', 'F00231', 'F00232', 'F00189', 'F00930', 'F01025']"
1821,"['F03633', 'F03685', 'F03683', 'F03721', 'F03706', 'F03702', 'F03827', 'F03832', '008850', 'F03749', 'F03841', 'F03742', 'F03745', 'F04005', 'F03943', '038681']"
1335,"['F04507', 'F04506', 'F04503', 'F04501', '008170', 'F04497', 'F04494', 'F04479', 'F04510', 'F04466', 'F04458', 'F04455', 'F04454', 'F04431', 'F04434', 'F04406', 'F04398', 'F04384', 'F01975', 'F02237', 'F02235', 'F01985', 'F01991', 'F02155', 'F02143', '009537', 'F00951', 'F01016', 'F01170', 'F01165', 'F01159', 'F01146', 'F02725', 'F02824', 'F02835', 'F02846', 'F03195', 'F03152', 'F03157', 'F03165']"
1590,"['F04327', 'F04278', 'F04191', 'F04193', 'F04292', 'F04366', 'F04360', 'F04201', 'F04233', 'F04234']"
2210,"['F02268', 'F02271', 'F02272', 'F02456', 'F02454', 'F02452', '110322', 'F02450', 'F02448', 'F02446', 'F02444', 'F02459', 'F02441', 'F02388', 'F02390', 'F02392', 'F02394', 'F02396', 'F02398', '009699', 'F02411', 'F00022', 'F02473']"
0210,"['F02473', 'F00023', '011495', '009698', 'F02397', 'F02395', 'F02393', 'F02391', 'F02389', 'F02387', 'F02440', 'F02442', 'F02443', 'F02445', 'F02447', 'F02449', '110321']"
0211,"['F02473', 'F00023', '011495', '009698', 'F02397', 'F02395', 'F02393', 'F02391', 'F02389', 'F02387', 'F02440', 'F02442']"
3621,"['F03103', 'F03205', 'F02858', 'F02909', 'F02861', 'F02947', '074935', '008209', 'F02966', 'F02831', 'F02814', 'F02796', 'F02971', 'F02748', 'F02968', '008222', '008383', 'F01862', 'F01782', 'F01623', 'F01827', 'F01649', 'F01645']"
3620,"['F01298', 'F01300', 'F01330', 'F01213', 'F01219', 'F01181', 'F01263', 'F01266', 'F01732', 'F01566', 'F01568', 'F01646', 'F01650', 'F01826', 'F01624', 'F01783', 'F01863', '008382', 'F01757', 'F02969', 'F02753', 'F02972', 'F02797', 'F02818', 'F02832', 'F02967', 'F02869', 'F02948', 'F02863', 'F02911', 'F02857', 'F03206', 'F03102']"
9070,"['007897', 'F02215', 'F01958', 'F02032', 'F02034', '102592', 'F02048', 'F02184', 'F02192', 'F02149', 'F02144', 'F00111', '009537', 'F00951', 'F01016', 'F01170', 'F01165', 'F01162', 'F01159', 'F01146', 'F02716', 'F02723', '009426', 'F02961', 'F02824', 'F02834', 'F02815', 'F02794', 'F02745', 'F02749', 'F02936', 'F02786', 'F02783', 'F02781', 'F02935', 'F02777']"
9071,"['F01016', 'F01170', 'F01165', 'F01162', 'F01159', 'F01146', 'F02716', 'F02723', '009426', 'F02961', 'F02824', 'F02834']"
0630,"['007978', 'F00339', 'F00356', 'F00368', 'F00353', 'F00351', 'F04821', 'F04778', 'F04823', 'F04780', 'F04782', 'F04784', 'F04786', 'F04825', 'F04827', '031884']"
2740,"['090963', '072606', '072669', '075684', '084095', '075474', '075152', '084181', '084946', '084831', '091289', '090995', '110369', '182813']"
2180,"['F00621', 'F00613', 'F00588', 'F00584', 'F00680', 'F00518', 'F00520', 'F00549', 'F00523', 'F00678', '076397', '076399', '076394', 'F00530', 'F00532', '114754', '121033', '124358', '125392', '106387', '109489', '111564', '116270', '007942']"
9961,"['F00803', 'F00854', 'F00836', 'F00886', 'F00838', 'F03056', 'F03058', 'F03071', 'F03181', 'F03203', 'F03083', 'F03169', 'F03104', 'F03189', 'F03111', 'F03126', 'F03194', 'F03160', 'F03153', 'F03150', 'F03202', '008903', 'F02986', 'F02983', 'F03220', 'F03349', 'F03222', 'F03226', 'F03342', 'F03229', 'F03352', 'F03231', '009240', '009241', 'F03408', 'F03396', 'F03324', 'F03321', 'F03317', 'F03399', 'F03401', 'F03404', 'F03290', '008535']"
9300,"['008697', 'F00784', 'F00783', 'F00777', 'F00849', 'F00770', 'F00755', 'F00714', 'F00710', 'F00716']"
9960,"['008569', 'F03291', 'F03403', 'F03402', 'F03400', 'F03316', 'F03320', 'F03323', 'F03397', 'F03407', 'F03341', 'F03245', 'F03354', 'F03246', 'F03234', 'F03230', 'F03353', 'F03228', 'F03343', 'F03225', 'F03221', 'F03257', 'F03357', 'F03251', 'F03254', 'F03266', 'F03283', 'F03371', 'F03279', 'F03276', 'F03369', 'F02992', 'F02990', 'F02994', 'F03148', 'F03201', 'F03209', 'F03154', 'F03159', 'F03193', 'F03125', 'F03110', 'F03190', 'F03105', 'F03168', 'F03082', 'F03204', 'F03182', 'F03116', 'F03072', 'F03059', 'F03057', 'F03053', 'F00837', 'F00885', 'F00835', 'F00855', 'F00803']"
0920,"['F02690', 'F03276', 'F03263', 'F03262', 'F03359', 'F03253', 'F03249', 'F03356', 'F03247', 'F03244', 'F03235', 'F03393', 'F03309', 'F03396', 'F03324', 'F03395', 'F03380', 'F03305', 'F03328', 'F03329', 'F03331', 'F03333', 'F03405', 'F03284', 'F04584']"
0921,"['F04584', 'F03285', 'F03406', 'F03334', 'F03398', 'F03306', 'F03379', 'F03394', 'F03322', 'F03397', 'F03308', 'F03392', 'F03236', 'F03243', 'F03248', 'F03355', 'F03250', 'F03256', 'F03360', 'F03261', 'F03264', 'F03277', 'F03281']"
1490,"['F00291', 'F00293', 'F00296', 'F00297', 'F00298', 'F00301', 'F00373', 'F00303', 'F00153', 'F00304', 'F00305', 'F02465']"
0270,"['F02196', '008041', 'F02128', 'F02254', 'F02130', 'F02132', 'F02134', 'F02136', 'F00012', 'F00001', 'F00010', 'F00009']"
0980,"['F03442', 'F03443', '009704', '009705', 'F03463', 'F03464', '009706', 'F03446', 'F03459', 'F03605', '009684', '009685', 'F03516', 'F03587', 'F03519', '008577', 'F03589', 'F03523', 'F03592', 'F03596', 'F03562', 'F03564', 'F03431', 'F03429', 'F03600', 'F03427', 'F03694', 'F03826', 'F03843', 'F03845', 'F01870', 'F01658', 'F01587', 'F01547', 'F01585', 'F01583', '038670']"
0985,"['F03528', 'F03519', '008577', 'F03589', 'F03523', 'F03592', 'F03596', 'F03562', 'F03429', 'F03427', 'F03694', 'F03826', 'F03845', 'F01870', '009592', '038693']"
2140,"['F04476', 'F04513', 'F04474', 'F04472', 'F04471', 'F04511', 'F04469', '102569', 'F04458', 'F04455', 'F04454', 'F04431', 'F04434', 'F04435', 'F04407', 'F04406', 'F04398', 'F04384', 'F02028', 'F02026', 'F02022', '078064', 'F01965', '090915', 'F01960', 'F02214', 'F01958', 'F02032', 'F02034', '102592', 'F02048', 'F02184', '008005']"
1140,"['F02202', 'F02181', 'F02044', 'F02035', 'F02033', 'F01959', 'F02213', 'F01962', 'F01964', '061238', 'F02021', 'F02027', 'F02030', 'F04383', 'F04402', 'F04403', 'F04408', 'F04436', 'F04433', 'F04432', 'F04453', 'F04456', 'F04457', '102568', 'F04459', 'F04461', 'F04463', 'F04470', 'F04473', 'F04475', 'F04514', 'F04476']"
2130,"['F02202', 'F02181', 'F02044', 'F02035', 'F02033', 'F01959', 'F02008', '049186', 'F02015', '008684', 'F02021', 'F02027', 'F02030', 'F04383', 'F04402', 'F04403', 'F04408', 'F04436', 'F04433', 'F04432', 'F04453', 'F04456', 'F04457', '102568', 'F04468', 'F04512', '062815', '009446', '009447']"
2825,"['F03638', 'F03857', 'F03640', 'F03816', 'F03877', 'F03865', 'F03863', 'F03850', 'F03798', '022005', 'F03861']"
1820,"['F03861', 'F03799', '008904', 'F03849', 'F03864', 'F03866', 'F03878', 'F03817', 'F03639', 'F03858', 'F03637', 'F03633', 'F03685', 'F03683', 'F03721', 'F03706', 'F03702', 'F03827', 'F03832', '008850', 'F03749', 'F03841', 'F03742', 'F03745', 'F04005', 'F03943', '038681']"
1840,"['F03800', 'F03725', 'F03655', 'F03649', 'F03648', 'F03688', 'F03646', 'F03643', 'F03642', 'F03635', 'F03633', 'F03685', 'F03683', 'F03721', 'F03706', 'F03702', 'F03827', 'F03832', '008850', 'F03749', 'F03841', 'F03742', 'F03745', 'F04005', 'F03943', '038681']"
2845,"['038680', 'F01545', 'F03700', 'F03705', 'F03720', 'F03684', 'F03686', 'F03634', 'F03636', 'F03641', 'F03644', 'F03645', 'F03687', 'F03647', 'F03652', 'F03656', 'F03724', 'F03800']"
9220,"['F02466', 'F00412', 'F00427', 'F00155', 'F00159', 'F00160', 'F00164', 'F00168', 'F00171', 'F00147', '007877', 'F00173', 'F00149', 'F00175', 'F00177', 'F00179', 'F00181', 'F00183', 'F00115', 'F04682', 'F04684', '009442', '047670', '009439', '009438', '009440', '107799', '009443', 'F04708', 'F04733', 'F04790']"
9222,"['F02466', 'F00412', 'F00427', 'F00155', 'F00159', 'F00160', 'F00164', 'F00168', 'F00171', 'F00147', '007877', 'F00173', 'F00149', 'F00175', 'F00177', 'F00179', 'F00181', 'F00183', 'F00115', 'F04682', 'F04684', '009442', '047670', '009439', '009438', '009440', '107799', '009443', 'F04708', 'F04733', '044380', '118693', '118740', '118744', '118746', '118748', '118750', '118752', '068751', '118753', '118751', '118749', '118763', '118765', '118767', '118769', '118771', '118773', '118775', '118777', '118779', '118781', '118783', '118785', '118787', '118789', '118803', '118805', '118807', '118809', '118811', '118792', '118794', '118801', '118760', '118762']"
0665,"['F04523', 'F04553', 'F04571', 'F04550', 'F04538', 'F04531', 'F04529', 'F04050', 'F04145', 'F04122', 'F01451', 'F04015']"
0660,"['F04015', 'F01456', 'F01370', 'F01449', 'F04173', 'F04139', 'F04136', 'F04133', 'F04127', 'F04123', 'F04126', 'F01440', 'F04143', 'F04146', 'F04120', 'F04051', 'F04528', '008481', 'F04536', 'F04539', 'F04551', 'F04570', 'F04552', '011577']"
0662,"['F04015', 'F01456', 'F01370', 'F01449', 'F04173', 'F04139', 'F04136', 'F04133', 'F04127', 'F04123', 'F04126', 'F01440', 'F04143', 'F04146', 'F04120', 'F04051', 'F04528', '008481', 'F04536', 'F04539', 'F04551', 'F04570', 'F04552', '009311', '009312', '042934']"
1550,"['F02464', 'F00427', 'F00155', '009558', 'F02482', 'F02348', 'F02350', 'F02357', 'F02355', 'F02359', 'F02360', 'F02374', 'F02376', 'F02484', 'F02486', 'F02378', 'F02380']"
1560,"['F02464', 'F00427', 'F00155', '009558', 'F02482', 'F02348', 'F02350', 'F02357', 'F02355', '008736']"
0090,"['F01636', 'F01653', 'F01641', 'F01571', 'F01563', 'F01733', 'F01267', '008036', 'F01187', 'F01223', 'F01176', 'F01207', 'F01204', 'F01175', 'F01010', 'F01013', '009309', '048506', 'F00942', 'F00940', 'F01029', 'F00929', 'F00237', 'F00247', 'F00245', 'F00137', 'F00603', 'F00604', 'F00606', 'F00611', 'F00580', 'F00573']"
0850,"['038683', 'F01584', 'F01693', 'F01843', 'F01696', 'F01842', 'F01700', 'F01705', 'F01703', 'F01683', 'F01837', 'F01672', 'F01670', 'F01668', 'F01630', 'F01624', 'F01781', '008030']"
3140,"['F02615', 'F01062', 'F02624', 'F02668', 'F02591', 'F02587', 'F02673', 'F02554', 'F02659', 'F02544', '091816', 'F00823', 'F00818', 'F00797', 'F00796', 'F00788', 'F00792', 'F00880', 'F00845', '009154', 'F00743', 'F00735', 'F00826', 'F00904', 'F00725']"
2100,"['F02534', 'F02541', 'F02559', 'F02558', 'F02552', 'F02675', 'F02586', 'F02595', 'F02629', 'F01057', 'F01055', 'F01099', 'F01094', '007979', 'F01088', 'F01077', 'F00945', '011732', 'F00981', '008238', 'F00047', 'F00087', 'F00097', 'F00095', 'F00016', 'F02413', 'F02423', 'F02399', 'F02395', 'F02393', 'F02391', 'F02389', 'F02387', 'F02440', 'F02442']"
1050,"['F02534', 'F02541', 'F02559', 'F02558', 'F02552', 'F02675', 'F02586', 'F02595', 'F02629', 'F01057', 'F01055', 'F01099', 'F01094', '007979', 'F01088', 'F01077', 'F00945', '011732', 'F00981', '008238', 'F00047', 'F00087', 'F00097', 'F00095', 'F00016', 'F02413', 'F02422', 'F02290', 'F02294']"
0330,"['069190', 'F04490', 'F04492', 'F04498', 'F04497', 'F04494', 'F04479', 'F04510', 'F04466', 'F04458', 'F04455', 'F04454', 'F04431', 'F04434', 'F04435', 'F04407', 'F04406', 'F04398', 'F04384', '047806', 'F01973', 'F01975', 'F01977', 'F02158', 'F01981', 'F02237', 'F02235', 'F01985', 'F01991', '016727', '008090']"
0331,"['008090', 'F02156', 'F01986', 'F01984', 'F02234', 'F02236', 'F01980', 'F02157', '224240']"
2770,"['F02828', 'F02854', 'F02853', 'F02845', 'F02846', 'F02848', 'F03195', 'F03136', 'F03141', 'F03200', 'F03198', 'F03143', 'F02988', 'F03361', 'F03264', 'F03363', 'F03269', 'F03271', 'F03365', 'F03368', 'F03272', 'F01778', 'F01789', 'F01852', 'F01773', 'F01850', 'F01769', '008026']"
0290,"['007974', 'F00332', 'F00330', 'F00328', 'F00326', 'F00324', 'F00414', 'F00279', '008261', 'F00424', 'F00265', 'F00262', 'F00260', 'F00125', 'F00258', 'F00256', 'F00254', 'F00252', 'F00250', 'F00131', '008605', 'F00137', 'F00603', 'F00604', 'F00606', '009691', '009295', '009692']"
0301,"['061351', 'F01159', 'F01146', 'F01140', 'F01137', '091338', 'F01051', 'F01058', 'F02628', 'F02647', 'F02636', 'F02672', 'F02549', 'F02655', 'F02657', 'F02543', 'F00693', 'F00820', 'F00861', 'F00814', 'F00804', 'F00784', 'F00783', 'F00777', 'F00849', 'F00770', 'F00755', 'F00714', 'F00710', 'F00716']"
0300,"['061351', 'F01159', 'F01150', 'F01149', 'F01140', 'F01137', '091338', 'F01051', 'F01058', 'F02628', 'F02647', 'F02636', 'F02672', 'F02549', 'F02655', 'F02657', 'F02543', 'F00693', 'F00820', 'F00861', 'F00814', 'F00804', 'F00784', 'F00783', 'F00777', 'F00849', 'F00770', 'F00755', 'F00714', 'F00710', 'F00718', '070127', '008284', '008841', '009047', '008911', '009536']"
2300,"['061351', 'F01159', 'F01146', 'F01140', 'F01137', '091338', 'F01051', 'F01058', 'F02628', 'F02647', 'F02636', 'F02672', 'F02549', 'F02655', 'F02657', 'F02543', 'F00693', 'F00820', 'F00861', 'F00814', 'F00804', 'F00784', 'F00783', 'F00777', 'F00849', 'F00770', 'F00755', 'F00714', 'F00710', 'F00718', '070127', '008284', '044135', '043481']"
9791,"['F04277', 'F04280', 'F04335', 'F04202', 'F04361', 'F04367', 'F04293', 'F04192', 'F04279', 'F04324', 'F04315', 'F04312', 'F04359', 'F04298', 'F01412', 'F01404', '008240', 'F01386', '011765', '008150', 'F00923', 'F01010', 'F01015', '009309', 'F00944', 'F01078', 'F01089', '007980', 'F01097', 'F01098', 'F01050']"
9790,"['F04277', 'F04280', 'F04335', 'F04202', 'F04361', 'F04367', 'F04293', 'F04192', 'F04279', 'F04324', 'F04315', 'F04312', 'F04359', 'F04298', 'F01412', 'F01404', '008240', 'F01386', '011765', '008150', 'F00923', 'F01010', 'F01015', '009309', 'F00944', 'F01078', 'F01089', '007980', 'F01097', 'F01098', 'F01048', 'F01134', 'F01138', 'F02709', 'F02712', 'F02723', '009426', 'F02961', 'F02824', 'F02835', '166506', 'F02845', 'F02846', 'F02848', 'F03195', 'F03136', 'F03139', 'F03152', 'F03157', 'F03165']"
0070,"['F01970', 'F01969', 'F02212', 'F01967', 'F01965', '090915', 'F01960', 'F02214', 'F01958', 'F02032', 'F02034', '102592', 'F02048', 'F02184', 'F02203', 'F02149', 'F02144', 'F00111', '009537', 'F00951', 'F01016', 'F01170', 'F01164', 'F01162', 'F01159', 'F01146', 'F02716', 'F02723', 'F02725', 'F02961', 'F02824', 'F02835', '166506', 'F02845', 'F02846', 'F02848', 'F03195', 'F03136', 'F03139', 'F03152', 'F03157', 'F03165']"
1120,"['011754', '166505', 'F02829', 'F02823', 'F02960', 'F02730', 'F02726', 'F02722', 'F02717', 'F01145', 'F01314', 'F01161', 'F01166', 'F01171', 'F01017', 'F01004', '062518', 'F00113', 'F00008', 'F00005', 'F02164', 'F02302', 'F02292', 'F02287', 'F02286', 'F02284', 'F02281', 'F02279', 'F02434', 'F02435', 'F02437', 'F02439']"
1100,"['F02292', 'F02287', 'F02286', 'F02284', 'F02281', 'F02279', 'F02434', 'F02435', 'F02437', 'F02439']"
0110,"['F00273', 'F00272', 'F00265', 'F00268', 'F00270', 'F00152', 'F00216', 'F00212', 'F00210', 'F00208', 'F00206', 'F00204', 'F00202', 'F00196', 'F00194', 'F00035', 'F00066']"
3022,"['F04081', 'F04164', 'F04063', 'F04061', 'F04044', 'F04113', 'F04108', 'F04107', 'F04106', 'F04138', 'F04172', 'F01446', 'F01443', 'F01437', 'F01358', 'F01428', 'F01424', 'F01350', 'F01413', '040526', 'F01342', 'F01507', 'F01399', 'F01390', '009041', 'F01518', 'F01343', 'F00918', 'F00999', 'F00966', 'F00975', 'F00974', 'F00972', 'F00968', '008455']"
0950,"['008725', 'F01321', 'F01736', 'F01745', 'F01559', 'F01725', 'F01570', 'F01644', 'F01662', 'F01667', 'F01686', 'F01689', 'F01684', 'F01682', 'F01678', 'F01833', 'F01706', 'F01710', 'F01597', 'F01551', 'F01549', '008692']"
1950,"['008725', 'F01321', 'F01736', 'F01745', 'F01559', 'F01725', 'F01570', 'F01644', 'F01662', 'F01667', 'F01686', 'F01689', 'F01684', 'F01682', 'F01678', 'F01833', 'F01706', 'F01710', '008156', 'F01810', 'F01601', 'F01812', 'F01604', 'F01606', 'F01716', 'F01847', 'F01849', 'F01722', '116271', 'F03549', '009543', 'F03547', 'F03545', 'F03542', 'F03593', '011724']"
2245,"['F04092', 'F04094', 'F04168', 'F04102', 'F04136', 'F04127', 'F04123', 'F04144', 'F04142', 'F01404', 'F01386', '011765']"
9370,"['F00570', 'F00566', 'F00564', 'F00672', 'F00536', 'F00556', 'F00553', 'F00551', 'F00546']"
0855,"['038683', 'F01843', 'F01696', 'F01842', 'F01700', 'F01705', 'F01703', 'F01683', 'F01832', '008030']"
0580,"['F02150', '009570', 'F02181', 'F02044', 'F02035', 'F02033', 'F01959', 'F02216', '007897', '062511', '062512', 'F01947', 'F01945', 'F01938', 'F01940', 'F01942', 'F01943', 'F02264', 'F02263', '009475', '009541', '008106', 'F04402', 'F04403', 'F04408', 'F04411', 'F04412', 'F04415', 'F04416', 'F04424', 'F04426', 'F04427', 'F04429', '062513', '103387']"
0530,"['F02274', 'F02275', 'F02277', 'F02364', 'F02081', 'F02087', 'F02088', 'F02090', 'F02092', 'F02247', 'F02095', 'F01925', '061280', 'F02054', 'F02051', 'F02261', 'F02124', 'F02180', 'F01995', '009667']"
1280,"['F00412', 'F02335', 'F02338', 'F02339', 'F02341', 'F02344', 'F02346', 'F02427', 'F02366', 'F02368', 'F02370', 'F02372']"
1290,"['F00412', 'F02335', 'F02338', 'F02339', 'F02341', 'F00160', 'F00164', 'F00429', 'F00311']"
1110,"['F00066', 'F00034', 'F00193', 'F00195', 'F00201', 'F00203', 'F00205', 'F00207', 'F00209', 'F00211', 'F00215', 'F00151', 'F00269', 'F00267', 'F00264', 'F00265', 'F00262', 'F00260', 'F00125', 'F00258', 'F00256', 'F00254', 'F00252', 'F00250', 'F00131', '008605', 'F00137', 'F00603', 'F00604', 'F00606', 'F00611', 'F00580', 'F00573']"
2102,"['F02534', 'F02541', 'F02559', 'F02558', 'F02552', 'F02675', 'F02586', 'F02595', 'F02629', 'F01057', 'F01055', 'F01099', 'F01094', '007979', 'F01088', 'F01077', 'F00945', '011732', 'F00981', '008238', 'F00047', 'F00087', 'F00097', 'F00095', 'F00016', 'F02413', 'F02423', 'F02399', 'F02395', 'F02393', 'F02391', 'F02389', 'F02387', 'F02440', 'F02442', 'F02443', 'F02445', 'F02447', 'F02449', '110321']"
9160,"['F02464', 'F02469', 'F00031', 'F00070', 'F00114', 'F00071', 'F00074', '082622', 'F00076', 'F00078', 'F00083', 'F00048', '008218', 'F00979', '038717', 'F00950', 'F01012', 'F01016', 'F01170']"
0160,"['F00985', 'F00981', '008238', 'F00047', 'F00045', '011325', 'F00073', 'F00072', 'F00069', 'F00030', '009730']"
1780,"['009230', 'F00981', '008238', 'F00047', 'F00087', 'F00097', 'F00099', 'F00003', 'F00007', '016729']"
2160,"['009230', 'F00981', '008238', 'F00047', 'F00045', '011325', 'F00073']"
0085,"['009376', 'F03158', 'F03151', 'F03137', 'F03196', 'F02849', 'F02829', 'F02823', 'F02730', 'F01314', 'F01166', 'F01171', 'F01017', 'F01004', '062518', 'F00113', 'F00008', 'F00005', 'F02164', 'F02110', 'F02108', 'F02107', '008559', 'F02105', 'F02102', 'F02098', 'F02084', 'F02080', 'F02078', 'F02076', 'F02074', '008567', 'F02071', 'F02059', 'F02057', 'F02242', 'F02056', '062519', 'F01929', '075744', '061277']"
2122,"['F01515', '009179', 'F01990', '009570', 'F02182', 'F02123', 'F02121', 'F02119', 'F02170', 'F02169', '009520', '009522', 'F02307', 'F02421', 'F02413', 'F02423', 'F02399', 'F02395', 'F02393', 'F02391', 'F02389', 'F02387', 'F02440', 'F02442', 'F02443', 'F02445', 'F02447', 'F02449', '110321', 'F02451', 'F02453', 'F02455', 'F02273', 'F02270', 'F02269']"
2121,"['F01515', '009179', 'F01990', '009570', 'F02182', 'F02123', 'F02121', 'F02119', 'F02170', 'F02169', '009520', '009522', 'F02307', 'F02421', 'F02413', 'F02423', 'F02399', 'F02395', 'F02393', 'F02391', 'F02389', 'F02387', 'F02440', 'F02442']"
0450,"['F03329', 'F03331', 'F03332', 'F03330']"
3010,"['099634', '099632', '099630', '066460', '066458', '066456', '066454', '066452', '008265', '008153', 'F01502', 'F01499', '008286', '008147', '008149', 'F01275', 'F01328', 'F01323', 'F02743', 'F02732', 'F02980', 'F02924', 'F02893', 'F02631', 'F02597', 'F02642', 'F02578', 'F02527', 'F00626', 'F00614', 'F00586', 'F00569']"
3011,"['F00569', 'F00587', 'F00615', 'F00629', 'F02528', 'F02600', 'F02643', 'F02596', 'F02632', 'F02894', 'F02923', 'F02979', 'F02731', 'F02744', 'F01322', 'F01329', '008262', '008148', '008146', 'F01286']"
2370,"['F00622', 'F00613', 'F00588', 'F00584', 'F00566', 'F00564', 'F00672', 'F00536', 'F00674', 'F00537', 'F00539', 'F00541', 'F00543', 'F00545']"
1370,"['F00622', 'F00613', 'F00588', 'F00584', 'F00566', 'F00564', 'F00672', 'F00536', 'F00556', 'F00553', 'F00551', 'F00546', 'F00552', 'F00554', 'F00560', 'F00562', 'F00563']"
0340,"['F00644', 'F00638', 'F00637', 'F00463', 'F00469', 'F00474', 'F00466', '009539', 'F00655', 'F00657', 'F00659', 'F00677', 'F00661', 'F00662', 'F00500', 'F00491', 'F00667', 'F00507', 'F00509', 'F00577', 'F00583', 'F00628', 'F02502', 'F02526', '066828', 'F02579']"
1060,"['F02579', 'F02602', 'F02525', 'F02503', 'F00627', 'F00611', 'F00581', 'F00576', 'F00508', 'F00505', 'F00504', 'F00666', 'F00485', 'F00486']"
VP06,"['007887', 'F01190', 'F01196', 'F01202', 'F01295', 'F01167', 'F01113', 'F01038', 'F01083', 'F01029', 'F00929', 'F00191', 'F00197', 'F00306', '081565']"
9010,"['F00570', 'F00585', 'F00589', 'F00611', 'F00583', 'F00628', 'F02502', 'F02526', '066828', 'F02599', 'F02644', 'F02595', 'F02633', 'F02892', 'F02922', 'F02978', 'F02727', 'F02742', 'F01319', 'F01327', 'F01277', 'F01272', 'F01268', 'F01257', '008287', 'F01500', 'F01504', 'F01508', 'F01404', 'F01527', '008280', '071262', 'F01984', 'F02234', 'F01982', 'F02259', 'F02006', 'F01956', 'F02216', 'F02210']"
9180,"['F01320', 'F02739', 'F02729', 'F02977', 'F02921', 'F02891', 'F02634', 'F02594', 'F02641', 'F02579', 'F02602', 'F02525', 'F02503', 'F00627', 'F00611', 'F00580', 'F00573']"
9140,"['F00722', 'F00906', 'F00723', 'F00902', 'F00824', 'F00737', 'F00745', 'F00739', 'F00732', 'F00749', 'F00751', 'F00775', 'F00779', 'F00791', 'F00877', 'F00835', 'F00855', 'F00805', 'F00862', 'F00821', '091821', 'F02542', 'F02662', 'F02555', 'F02675', 'F02586', 'F02598', 'F02669', 'F02625', 'F01063', 'F02619', 'F00934', 'F00941', 'F00943', '048505', 'F00950', 'F01014', 'F01007', '008694', 'F01192', 'F01235', 'F01247', '022006', 'F01284', 'F01497', 'F01466', '044127', 'F03928', 'F03901', 'F03933', 'F03948', 'F03951', 'F03905', 'F04028', 'F03735', 'F03738', 'F03753', 'F03758', 'F03763', 'F03766', 'F03620', 'F03622', 'F03625', '008472']"
9141,"['F03929', '044126', 'F01465', 'F01496', 'F01285', '086857', 'F01248', 'F01234', '062521', 'F01010', 'F01015', '009309', '048506', 'F00942', 'F00940', 'F01029', 'F01025', 'F01065', 'F01064', 'F02626', 'F02670', 'F02592', 'F02588', 'F02676', 'F02556', 'F02661', 'F02546', 'F00693', 'F00820', 'F00861', 'F00814', 'F00804']"
1580,"['103387', '103389', '062514', 'F04430', 'F04428', 'F04425', 'F04423', 'F04417', 'F04414', 'F04413', 'F04410', 'F04407', 'F04406', 'F04398', 'F04384', '008865']"
2250,"['F03175', 'F03170', 'F03017', 'F03021', 'F03051', 'F03056', 'F03060', 'F03062', 'F03112', 'F03086', '009495', 'F02895', 'F02885']"
1410,"['009577', 'F04383', 'F04402', 'F04403', 'F04408', '009474', '009473', '009472', '009451', '009452', '009456', '009458', '009460', 'F04429', '062513', '103386', '061233', '009431', '061280']"
F4720,"['F01186', 'F01223', 'F01176', 'F01207', 'F01204', 'F01175', 'F01010', 'F01013', '009309', '048506', 'F00942', 'F00940', 'F01030', 'F01070', 'F01107', 'F01105', 'F01073', 'F01054', 'F02693', 'F02694', 'F02698', 'F02700', 'F02701', 'F02715', 'F02724']"
F4752,"['008132', '008545', 'F02737', 'F02733', 'F02718', 'F02711', '090482', 'F01137', '091338', 'F01051', 'F01059', 'F02620', 'F02639', 'F02608', 'F02509', 'F02573', 'F02521', 'F02512', 'F02650', 'F02511']"
F4762,"['F01164', 'F01162', '009161', '009163', 'F01172', '062942', 'F01122', 'F01120', 'F01119', 'F01042', 'F01091', 'F01071', 'F01066', 'F02617', 'F02517', 'F02512', 'F02650', 'F02511']"
F4820,"['F02758', 'F02766', 'F02773', 'F02932', 'F02787', 'F02938', 'F02790', 'F02804', 'F02811', 'F02943', 'F02813', 'F02820', '008458', '008459', '008461', 'F02963', '016938', 'F02890']"
F0070,"['F01970', 'F01969', 'F02212', 'F01967', 'F01965', '090915', 'F01960', 'F02214', 'F01958', 'F02032', 'F02034', '102592', 'F02048', 'F02184', 'F02203', 'F02149', 'F02144', 'F00111', '009537', 'F00951', 'F01016', 'F01170', 'F01164', 'F01162', 'F01159', 'F01146', 'F02716', 'F02723', 'F02725', 'F02961', 'F02824', 'F02835', '166506', 'F02845', 'F02846', 'F02848', 'F03195', 'F03136', 'F03139', 'F03152', 'F03157', 'F03165']"
2600,"['056124', '007949', 'F00631', 'F00618', 'F00558', 'F00550', 'F00521', 'F00519', 'F00669', 'F00570', '009153']"
1600,"['009153', 'F00592', '007881', '007883', '008412', 'F00680', 'F00518', 'F00520', 'F00549', 'F00523', 'F00678', '008410', '008408', '009563', '008406', '008404', '008402', '089725', 'F00454', 'F00452', 'F00445', 'F00438', '109849', '008940']"
F0050,"['048471', 'F00281', 'F00283', 'F00285', 'F00287', 'F00289', 'F00158', 'F00428', 'F02333', 'F00029', 'F00092', 'F00088', 'F00084', 'F00079', 'F00104', '009537', 'F00951', 'F01016', 'F01170', 'F01164', 'F01162', 'F01159', 'F01146', 'F02716', 'F02723', 'F02725', 'F02873', 'F02876', 'F02962', 'F02866', 'F02948', 'F02863', 'F02911', 'F02857', 'F03206', 'F03100', 'F03168', 'F03082', 'F03204', 'F03182', 'F03116', 'F03072', 'F03059', 'F03039', 'F03037', 'F03035', 'F03030']"
F1335,"['F04507', 'F04506', 'F04503', 'F04501', '008170', 'F04497', 'F04494', 'F04479', 'F04510', 'F04466', 'F04458', 'F04455', 'F04454', 'F04431', 'F04434', 'F04406', 'F04398', 'F04384', 'F01975', 'F02237', 'F02235', 'F01985', 'F01991', 'F02155', 'F02143', '009537', 'F00951', 'F01016', 'F01170', 'F01165', 'F01159', 'F01146', 'F02725', 'F02824', 'F02835', 'F02846', 'F03195', 'F03152', 'F03157', 'F03165']"
F0340,"['F02579', 'F02602', 'F02525', 'F02503', 'F00627', 'F00611', 'F00581', 'F00576', 'F00508', 'F00506', 'F00666', 'F00485', 'F00489', 'F00501', 'F00663', 'F00660', 'F00676', 'F00658', 'F00656', 'F00654', 'F00653', 'F00467', 'F00473', '009584', 'F00462', 'F00636', 'F00639', 'F00641']"
F0850,"['008030', 'F01780', 'F01623', 'F01631', 'F01669', 'F01671', 'F01838', 'F01685', 'F01701', 'F01699', 'F01841', 'F01714', 'F01695', 'F01844', '008863', 'F01694', 'F01583', '038670']"
F0300,"['061351', 'F01159', 'F01150', 'F01149', 'F01140', 'F01137', '091338', 'F01051', 'F01058', 'F02628', 'F02647', 'F02636', 'F02672', 'F02549', 'F02655', 'F02657', 'F02543', 'F00693', 'F00820', 'F00861', 'F00814', 'F00804', 'F00784', 'F00783', 'F00777', 'F00849', 'F00770', 'F00755', 'F00714', 'F00710', 'F00718', '070127', '008284', '008841', '009047', '008911', '009536']"
2005,"['F04599', '088670', 'F04597', 'F03780', 'F03782', '007927', '100605', 'F03814', 'F03693', 'F03845', 'F01870', '009592', 'F03929']"
F1390,"['F02226', 'F02071', 'F02059', 'F02057', 'F02242', 'F02056', '062519', 'F01929', 'F01927', 'F02054', 'F02113', 'F02169', '043343', 'F02311', 'F00014', 'F00022', 'F02470']"
F2240,"['043331', 'F04574', 'F04524', '045755', 'F04165', 'F04083', 'F04075', 'F04070', 'F04068', 'F04046', 'F04094', 'F04168', 'F04102', 'F04136', 'F04133', 'F04127', 'F04123', 'F04144', 'F04142', 'F01431', 'F01359', 'F01429', 'F01419', 'F01351', 'F01356', 'F01404', '008240', 'F01386', '011765']"
F2765,"['008028', '009322', 'F01776', 'F03274', 'F03393', 'F03309', 'F03396', 'F03324', 'F03321', 'F03317', 'F03399', 'F03401', 'F03404', 'F03290', '008535', 'F03450', 'F03452']"
1170,"['F01695', '016725', '009289', '009225', 'F01582', 'F01797', 'F01577', 'F01794', 'F01639', 'F01801']"
4803,"['F01738', 'F02929', 'F02747', 'F02931', 'F02751', 'F02936', 'F02786', 'F02783', 'F02781', 'F02935', 'F02777', 'F02776', 'F02772', 'F02769', 'F02767', 'F02764']"
F3020,"['F01401', 'F01397', '009041', 'F01518', 'F01343', 'F00918', 'F00999', 'F00966', 'F00975', 'F00974', 'F00972', 'F00968', '008455']"
F3420,"['F01461', 'F03926', 'F03960', 'F04022', 'F03980', 'F04003', 'F04039']"
F3140,"['F02615', 'F01062', 'F02624', 'F02668', 'F02591', 'F02587', 'F02673', 'F02554', 'F02659', 'F02544', '091816', 'F00823', 'F00818', 'F00797', 'F00796', 'F00788', 'F00792', 'F00880', 'F00845', '009154', 'F00743', 'F00735', 'F00826', 'F00904', 'F00725']"
2430,"['044192', 'F00458', 'F00457', 'F00454', 'F00452', 'F00447', 'F00449', 'F00451', 'F00450', 'F00448', 'F00445', 'F00438', 'F00442', '109849', '044192']"
F3470,"['007884', 'F01012', 'F01005', 'F00921', '008590', 'F02148', '008593', 'F01997', 'F02238', 'F02004', 'F02010', 'F02240', 'F02013', 'F02016', 'F02020', 'F02025', 'F02031', 'F01904', 'F04381', 'F04396', 'F04404']"
F3490,"['007967', 'F02039', 'F02040', 'F02046', 'F02184', 'F02203', 'F02149', '008591', 'F00922', 'F01006', 'F01013', '007884']"
F3190,"['F02040', 'F02046', 'F02184', 'F02203', 'F02149', '008591', '072934', 'F00106', '009675', 'F00052', 'F00057', '069092', '069089', 'F00239', 'F00241', 'F00243', 'F00135', 'F00598', 'F00684', 'F00594', 'F00591', '082200', 'F00568']"
F3629,"['F01574', 'F01646', 'F01650', 'F01826', 'F01624', 'F01863', '008382', 'F01757', 'F02969', 'F02753', 'F02972', 'F02797', 'F02818', 'F02832', 'F02967', 'F02869', 'F02963', 'F02880', '008206']"
H8,"['19795278', '19798281', '19810283', '19823285', '19824287', '19825289', '19826291', '19828293', '19841302', '19843304', '19845306', '19847308', '19848311', '19849312', '19851314', '19865317', '19867319', '19868321', '19869324', '19870325']"
H9,"['19795278', '19798281', '19810283', '19823285', '19824287', '19825289', '19826291', '19828293', '19829297', '19830298', '19831299', '19836301']"
H6,"['19720237', '19729241', '19730243', '19731245', '19733247', '19734249', '19735251', '19736253', '19739255', '19737257', '19742259', '19743261', '19745264', '19750265', '19751267', '19752269', '19760271', '19778273', '19784274', '19785275', '19786277']"
H7,"['09220225', '09221226', '09223229', '09224231', '09225233', '09226543']"
H5,"['09001188', '09019190', '09043192', '09050194', '09068196', '09118198', '09084200', '09100202', '09159204', '09175206', '09183208', '09126211', '09191212', '09209214', '09134218', '09217219', '09142223']"
